[INFO] Scanning for projects...
[INFO] 
[INFO] ----------------------< ru.example:beaverplugin >-----------------------
[INFO] Building beaverplugin 1.0.0
[INFO]   from pom.xml
[INFO] --------------------------------[ jar ]---------------------------------
[INFO] Downloading from central: https://repo.maven.apache.org/maven2/org/apache/maven/plugins/maven-clean-plugin/3.2.0/maven-clean-plugin-3.2.0.pom
[INFO] Downloaded from central: https://repo.maven.apache.org/maven2/org/apache/maven/plugins/maven-clean-plugin/3.2.0/maven-clean-plugin-3.2.0.pom (5.3 kB at 4.8 kB/s)
[INFO] Downloading from central: https://repo.maven.apache.org/maven2/org/apache/maven/plugins/maven-plugins/35/maven-plugins-35.pom
[INFO] Downloaded from central: https://repo.maven.apache.org/maven2/org/apache/maven/plugins/maven-plugins/35/maven-plugins-35.pom (9.9 kB at 450 kB/s)
[INFO] Downloading from central: https://repo.maven.apache.org/maven2/org/apache/maven/maven-parent/35/maven-parent-35.pom
[INFO] Downloaded from central: https://repo.maven.apache.org/maven2/org/apache/maven/maven-parent/35/maven-parent-35.pom (45 kB at 1.8 MB/s)
[INFO] Downloading from central: https://repo.maven.apache.org/maven2/org/apache/apache/25/apache-25.pom
[INFO] Downloaded from central: https://repo.maven.apache.org/maven2/org/apache/apache/25/apache-25.pom (21 kB at 893 kB/s)
[INFO] Downloading from central: https://repo.maven.apache.org/maven2/org/apache/maven/plugins/maven-clean-plugin/3.2.0/maven-clean-plugin-3.2.0.jar
[INFO] Downloaded from central: https://repo.maven.apache.org/maven2/org/apache/maven/plugins/maven-clean-plugin/3.2.0/maven-clean-plugin-3.2.0.jar (36 kB at 1.5 MB/s)
[INFO] Downloading from central: https://repo.maven.apache.org/maven2/org/apache/maven/plugins/maven-resources-plugin/3.4.0/maven-resources-plugin-3.4.0.pom
[INFO] Downloaded from central: https://repo.maven.apache.org/maven2/org/apache/maven/plugins/maven-resources-plugin/3.4.0/maven-resources-plugin-3.4.0.pom (7.9 kB at 315 kB/s)
[INFO] Downloading from central: https://repo.maven.apache.org/maven2/org/apache/maven/plugins/maven-plugins/45/maven-plugins-45.pom
[INFO] Downloaded from central: https://repo.maven.apache.org/maven2/org/apache/maven/plugins/maven-plugins/45/maven-plugins-45.pom (8.4 kB at 398 kB/s)
[INFO] Downloading from central: https://repo.maven.apache.org/maven2/org/apache/maven/maven-parent/45/maven-parent-45.pom
[INFO] Downloaded from central: https://repo.maven.apache.org/maven2/org/apache/maven/maven-parent/45/maven-parent-45.pom (53 kB at 2.4 MB/s)
[INFO] Downloading from central: https://repo.maven.apache.org/maven2/org/apache/apache/35/apache-35.pom
[INFO] Downloaded from central: https://repo.maven.apache.org/maven2/org/apache/apache/35/apache-35.pom (24 kB at 1.3 MB/s)
[INFO] Downloading from central: https://repo.maven.apache.org/maven2/org/junit/junit-bom/5.13.1/junit-bom-5.13.1.pom
[INFO] Downloaded from central: https://repo.maven.apache.org/maven2/org/junit/junit-bom/5.13.1/junit-bom-5.13.1.pom (5.6 kB at 314 kB/s)
[INFO] Downloading from central: https://repo.maven.apache.org/maven2/org/apache/maven/plugins/maven-resources-plugin/3.4.0/maven-resources-plugin-3.4.0.jar
[INFO] Downloaded from central: https://repo.maven.apache.org/maven2/org/apache/maven/plugins/maven-resources-plugin/3.4.0/maven-resources-plugin-3.4.0.jar (31 kB at 1.5 MB/s)
[INFO] Downloading from central: https://repo.maven.apache.org/maven2/org/apache/maven/plugins/maven-compiler-plugin/3.11.0/maven-compiler-plugin-3.11.0.pom
[INFO] Downloaded from central: https://repo.maven.apache.org/maven2/org/apache/maven/plugins/maven-compiler-plugin/3.11.0/maven-compiler-plugin-3.11.0.pom (9.8 kB at 427 kB/s)
[INFO] Downloading from central: https://repo.maven.apache.org/maven2/org/apache/maven/plugins/maven-plugins/39/maven-plugins-39.pom
[INFO] Downloaded from central: https://repo.maven.apache.org/maven2/org/apache/maven/plugins/maven-plugins/39/maven-plugins-39.pom (8.1 kB at 405 kB/s)
[INFO] Downloading from central: https://repo.maven.apache.org/maven2/org/apache/maven/maven-parent/39/maven-parent-39.pom
[INFO] Downloaded from central: https://repo.maven.apache.org/maven2/org/apache/maven/maven-parent/39/maven-parent-39.pom (48 kB at 2.3 MB/s)
[INFO] Downloading from central: https://repo.maven.apache.org/maven2/org/apache/apache/29/apache-29.pom
[INFO] Downloaded from central: https://repo.maven.apache.org/maven2/org/apache/apache/29/apache-29.pom (21 kB at 942 kB/s)
[INFO] Downloading from central: https://repo.maven.apache.org/maven2/org/apache/maven/plugins/maven-compiler-plugin/3.11.0/maven-compiler-plugin-3.11.0.jar
[INFO] Downloaded from central: https://repo.maven.apache.org/maven2/org/apache/maven/plugins/maven-compiler-plugin/3.11.0/maven-compiler-plugin-3.11.0.jar (66 kB at 2.9 MB/s)
[INFO] Downloading from central: https://repo.maven.apache.org/maven2/org/apache/maven/plugins/maven-surefire-plugin/3.5.4/maven-surefire-plugin-3.5.4.pom
[INFO] Downloaded from central: https://repo.maven.apache.org/maven2/org/apache/maven/plugins/maven-surefire-plugin/3.5.4/maven-surefire-plugin-3.5.4.pom (4.9 kB at 222 kB/s)
[INFO] Downloading from central: https://repo.maven.apache.org/maven2/org/apache/maven/surefire/surefire/3.5.4/surefire-3.5.4.pom
[INFO] Downloaded from central: https://repo.maven.apache.org/maven2/org/apache/maven/surefire/surefire/3.5.4/surefire-3.5.4.pom (19 kB at 871 kB/s)
[INFO] Downloading from central: https://repo.maven.apache.org/maven2/org/apache/maven/maven-parent/44/maven-parent-44.pom
[INFO] Downloaded from central: https://repo.maven.apache.org/maven2/org/apache/maven/maven-parent/44/maven-parent-44.pom (52 kB at 2.5 MB/s)
[INFO] Downloading from central: https://repo.maven.apache.org/maven2/org/apache/apache/34/apache-34.pom
[INFO] Downloaded from central: https://repo.maven.apache.org/maven2/org/apache/apache/34/apache-34.pom (24 kB at 1.2 MB/s)
[INFO] Downloading from central: https://repo.maven.apache.org/maven2/org/junit/junit-bom/5.12.1/junit-bom-5.12.1.pom
[INFO] Downloaded from central: https://repo.maven.apache.org/maven2/org/junit/junit-bom/5.12.1/junit-bom-5.12.1.pom (5.6 kB at 269 kB/s)
[INFO] Downloading from central: https://repo.maven.apache.org/maven2/org/apache/maven/plugins/maven-surefire-plugin/3.5.4/maven-surefire-plugin-3.5.4.jar
[INFO] Downloaded from central: https://repo.maven.apache.org/maven2/org/apache/maven/plugins/maven-surefire-plugin/3.5.4/maven-surefire-plugin-3.5.4.jar (46 kB at 2.3 MB/s)
[INFO] Downloading from central: https://repo.maven.apache.org/maven2/org/apache/maven/plugins/maven-jar-plugin/3.5.0/maven-jar-plugin-3.5.0.pom
[INFO] Downloaded from central: https://repo.maven.apache.org/maven2/org/apache/maven/plugins/maven-jar-plugin/3.5.0/maven-jar-plugin-3.5.0.pom (7.6 kB at 306 kB/s)
[INFO] Downloading from central: https://repo.maven.apache.org/maven2/org/apache/maven/plugins/maven-jar-plugin/3.5.0/maven-jar-plugin-3.5.0.jar
[INFO] Downloaded from central: https://repo.maven.apache.org/maven2/org/apache/maven/plugins/maven-jar-plugin/3.5.0/maven-jar-plugin-3.5.0.jar (35 kB at 1.8 MB/s)
[INFO] Downloading from papermc: https://repo.papermc.io/repository/maven-public/io/papermc/paper/paper-api/1.21.11-R0.1-SNAPSHOT/maven-metadata.xml
[INFO] Downloaded from papermc: https://repo.papermc.io/repository/maven-public/io/papermc/paper/paper-api/1.21.11-R0.1-SNAPSHOT/maven-metadata.xml (2.4 kB at 9.8 kB/s)
[INFO] Downloading from papermc: https://repo.papermc.io/repository/maven-public/io/papermc/paper/paper-api/1.21.11-R0.1-SNAPSHOT/paper-api-1.21.11-R0.1-20260511.115010-91.pom
[INFO] Downloaded from papermc: https://repo.papermc.io/repository/maven-public/io/papermc/paper/paper-api/1.21.11-R0.1-SNAPSHOT/paper-api-1.21.11-R0.1-20260511.115010-91.pom (4.9 kB at 352 kB/s)
[INFO] Downloading from papermc: https://repo.papermc.io/repository/maven-public/net/kyori/adventure-bom/4.26.1/adventure-bom-4.26.1.pom
[INFO] Downloaded from papermc: https://repo.papermc.io/repository/maven-public/net/kyori/adventure-bom/4.26.1/adventure-bom-4.26.1.pom (5.0 kB at 310 kB/s)
[INFO] Downloading from papermc: https://repo.papermc.io/repository/maven-public/com/google/guava/guava/33.3.1-jre/guava-33.3.1-jre.pom
[INFO] Downloaded from papermc: https://repo.papermc.io/repository/maven-public/com/google/guava/guava/33.3.1-jre/guava-33.3.1-jre.pom (9.3 kB at 547 kB/s)
[INFO] Downloading from papermc: https://repo.papermc.io/repository/maven-public/com/google/guava/guava-parent/33.3.1-jre/guava-parent-33.3.1-jre.pom
[INFO] Downloaded from papermc: https://repo.papermc.io/repository/maven-public/com/google/guava/guava-parent/33.3.1-jre/guava-parent-33.3.1-jre.pom (20 kB at 1.2 MB/s)
[INFO] Downloading from papermc: https://repo.papermc.io/repository/maven-public/com/google/guava/failureaccess/1.0.2/failureaccess-1.0.2.pom
[INFO] Downloaded from papermc: https://repo.papermc.io/repository/maven-public/com/google/guava/failureaccess/1.0.2/failureaccess-1.0.2.pom (3.3 kB at 223 kB/s)
[INFO] Downloading from papermc: https://repo.papermc.io/repository/maven-public/com/google/guava/guava-parent/26.0-android/guava-parent-26.0-android.pom
[INFO] Downloaded from papermc: https://repo.papermc.io/repository/maven-public/com/google/guava/guava-parent/26.0-android/guava-parent-26.0-android.pom (10 kB at 783 kB/s)
[INFO] Downloading from papermc: https://repo.papermc.io/repository/maven-public/org/sonatype/oss/oss-parent/9/oss-parent-9.pom
[INFO] Downloaded from papermc: https://repo.papermc.io/repository/maven-public/org/sonatype/oss/oss-parent/9/oss-parent-9.pom (6.3 kB at 369 kB/s)
[INFO] Downloading from papermc: https://repo.papermc.io/repository/maven-public/com/google/guava/listenablefuture/9999.0-empty-to-avoid-conflict-with-guava/listenablefuture-9999.0-empty-to-avoid-conflict-with-guava.pom
[INFO] Downloaded from papermc: https://repo.papermc.io/repository/maven-public/com/google/guava/listenablefuture/9999.0-empty-to-avoid-conflict-with-guava/listenablefuture-9999.0-empty-to-avoid-conflict-with-guava.pom (2.3 kB at 134 kB/s)
[INFO] Downloading from papermc: https://repo.papermc.io/repository/maven-public/com/google/code/findbugs/jsr305/3.0.2/jsr305-3.0.2.pom
[INFO] Downloaded from papermc: https://repo.papermc.io/repository/maven-public/com/google/code/findbugs/jsr305/3.0.2/jsr305-3.0.2.pom (4.3 kB at 268 kB/s)
[INFO] Downloading from papermc: https://repo.papermc.io/repository/maven-public/org/sonatype/oss/oss-parent/7/oss-parent-7.pom
[INFO] Downloaded from papermc: https://repo.papermc.io/repository/maven-public/org/sonatype/oss/oss-parent/7/oss-parent-7.pom (4.6 kB at 289 kB/s)
[INFO] Downloading from papermc: https://repo.papermc.io/repository/maven-public/org/checkerframework/checker-qual/3.43.0/checker-qual-3.43.0.pom
[INFO] Downloaded from papermc: https://repo.papermc.io/repository/maven-public/org/checkerframework/checker-qual/3.43.0/checker-qual-3.43.0.pom (2.1 kB at 161 kB/s)
[INFO] Downloading from papermc: https://repo.papermc.io/repository/maven-public/com/google/errorprone/error_prone_annotations/2.28.0/error_prone_annotations-2.28.0.pom
[INFO] Downloaded from papermc: https://repo.papermc.io/repository/maven-public/com/google/errorprone/error_prone_annotations/2.28.0/error_prone_annotations-2.28.0.pom (4.3 kB at 283 kB/s)
[INFO] Downloading from papermc: https://repo.papermc.io/repository/maven-public/com/google/errorprone/error_prone_parent/2.28.0/error_prone_parent-2.28.0.pom
[INFO] Downloaded from papermc: https://repo.papermc.io/repository/maven-public/com/google/errorprone/error_prone_parent/2.28.0/error_prone_parent-2.28.0.pom (13 kB at 937 kB/s)
[INFO] Downloading from papermc: https://repo.papermc.io/repository/maven-public/com/google/j2objc/j2objc-annotations/3.0.0/j2objc-annotations-3.0.0.pom
[INFO] Downloaded from papermc: https://repo.papermc.io/repository/maven-public/com/google/j2objc/j2objc-annotations/3.0.0/j2objc-annotations-3.0.0.pom (5.1 kB at 337 kB/s)
[INFO] Downloading from papermc: https://repo.papermc.io/repository/maven-public/com/google/code/gson/gson/2.11.0/gson-2.11.0.pom
[INFO] Downloaded from papermc: https://repo.papermc.io/repository/maven-public/com/google/code/gson/gson/2.11.0/gson-2.11.0.pom (12 kB at 695 kB/s)
[INFO] Downloading from papermc: https://repo.papermc.io/repository/maven-public/com/google/code/gson/gson-parent/2.11.0/gson-parent-2.11.0.pom
[INFO] Downloaded from papermc: https://repo.papermc.io/repository/maven-public/com/google/code/gson/gson-parent/2.11.0/gson-parent-2.11.0.pom (26 kB at 1.5 MB/s)
[INFO] Downloading from papermc: https://repo.papermc.io/repository/maven-public/com/google/errorprone/error_prone_annotations/2.27.0/error_prone_annotations-2.27.0.pom
[INFO] Downloaded from papermc: https://repo.papermc.io/repository/maven-public/com/google/errorprone/error_prone_annotations/2.27.0/error_prone_annotations-2.27.0.pom (4.3 kB at 250 kB/s)
[INFO] Downloading from papermc: https://repo.papermc.io/repository/maven-public/com/google/errorprone/error_prone_parent/2.27.0/error_prone_parent-2.27.0.pom
[INFO] Downloaded from papermc: https://repo.papermc.io/repository/maven-public/com/google/errorprone/error_prone_parent/2.27.0/error_prone_parent-2.27.0.pom (13 kB at 875 kB/s)
[INFO] Downloading from papermc: https://repo.papermc.io/repository/maven-public/org/yaml/snakeyaml/2.2/snakeyaml-2.2.pom
[INFO] Downloaded from papermc: https://repo.papermc.io/repository/maven-public/org/yaml/snakeyaml/2.2/snakeyaml-2.2.pom (21 kB at 1.3 MB/s)
[INFO] Downloading from papermc: https://repo.papermc.io/repository/maven-public/org/joml/joml/1.10.8/joml-1.10.8.pom
[INFO] Downloaded from papermc: https://repo.papermc.io/repository/maven-public/org/joml/joml/1.10.8/joml-1.10.8.pom (1.5 kB at 69 kB/s)
[INFO] Downloading from papermc: https://repo.papermc.io/repository/maven-public/it/unimi/dsi/fastutil/8.5.15/fastutil-8.5.15.pom
[INFO] Downloaded from papermc: https://repo.papermc.io/repository/maven-public/it/unimi/dsi/fastutil/8.5.15/fastutil-8.5.15.pom (1.6 kB at 106 kB/s)
[INFO] Downloading from papermc: https://repo.papermc.io/repository/maven-public/org/apache/logging/log4j/log4j-api/2.24.1/log4j-api-2.24.1.pom
[INFO] Downloaded from papermc: https://repo.papermc.io/repository/maven-public/org/apache/logging/log4j/log4j-api/2.24.1/log4j-api-2.24.1.pom (4.4 kB at 275 kB/s)
[INFO] Downloading from papermc: https://repo.papermc.io/repository/maven-public/org/apache/logging/log4j/log4j/2.24.1/log4j-2.24.1.pom
[INFO] Downloaded from papermc: https://repo.papermc.io/repository/maven-public/org/apache/logging/log4j/log4j/2.24.1/log4j-2.24.1.pom (35 kB at 1.8 MB/s)
[INFO] Downloading from papermc: https://repo.papermc.io/repository/maven-public/org/apache/logging/log4j/log4j-bom/2.24.1/log4j-bom-2.24.1.pom
[INFO] Downloaded from papermc: https://repo.papermc.io/repository/maven-public/org/apache/logging/log4j/log4j-bom/2.24.1/log4j-bom-2.24.1.pom (12 kB at 681 kB/s)
[INFO] Downloading from papermc: https://repo.papermc.io/repository/maven-public/org/apache/logging/logging-parent/11.3.0/logging-parent-11.3.0.pom
[INFO] Downloaded from papermc: https://repo.papermc.io/repository/maven-public/org/apache/logging/logging-parent/11.3.0/logging-parent-11.3.0.pom (53 kB at 3.0 MB/s)
[INFO] Downloading from papermc: https://repo.papermc.io/repository/maven-public/org/apache/apache/33/apache-33.pom
[INFO] Downloaded from papermc: https://repo.papermc.io/repository/maven-public/org/apache/apache/33/apache-33.pom (24 kB at 1.4 MB/s)
[INFO] Downloading from papermc: https://repo.papermc.io/repository/maven-public/org/apache/groovy/groovy-bom/4.0.22/groovy-bom-4.0.22.pom
[INFO] Downloaded from papermc: https://repo.papermc.io/repository/maven-public/org/apache/groovy/groovy-bom/4.0.22/groovy-bom-4.0.22.pom (27 kB at 1.5 MB/s)
[INFO] Downloading from papermc: https://repo.papermc.io/repository/maven-public/com/fasterxml/jackson/jackson-bom/2.17.2/jackson-bom-2.17.2.pom
[INFO] Downloaded from papermc: https://repo.papermc.io/repository/maven-public/com/fasterxml/jackson/jackson-bom/2.17.2/jackson-bom-2.17.2.pom (19 kB at 1.0 MB/s)
[INFO] Downloading from papermc: https://repo.papermc.io/repository/maven-public/com/fasterxml/jackson/jackson-parent/2.17/jackson-parent-2.17.pom
[INFO] Downloaded from papermc: https://repo.papermc.io/repository/maven-public/com/fasterxml/jackson/jackson-parent/2.17/jackson-parent-2.17.pom (6.3 kB at 422 kB/s)
[INFO] Downloading from papermc: https://repo.papermc.io/repository/maven-public/com/fasterxml/oss-parent/58/oss-parent-58.pom
[INFO] Downloaded from papermc: https://repo.papermc.io/repository/maven-public/com/fasterxml/oss-parent/58/oss-parent-58.pom (24 kB at 1.3 MB/s)
[INFO] Downloading from papermc: https://repo.papermc.io/repository/maven-public/jakarta/platform/jakarta.jakartaee-bom/9.1.0/jakarta.jakartaee-bom-9.1.0.pom
[INFO] Downloaded from papermc: https://repo.papermc.io/repository/maven-public/jakarta/platform/jakarta.jakartaee-bom/9.1.0/jakarta.jakartaee-bom-9.1.0.pom (9.6 kB at 503 kB/s)
[INFO] Downloading from papermc: https://repo.papermc.io/repository/maven-public/jakarta/platform/jakartaee-api-parent/9.1.0/jakartaee-api-parent-9.1.0.pom
[INFO] Downloaded from papermc: https://repo.papermc.io/repository/maven-public/jakarta/platform/jakartaee-api-parent/9.1.0/jakartaee-api-parent-9.1.0.pom (15 kB at 825 kB/s)
[INFO] Downloading from papermc: https://repo.papermc.io/repository/maven-public/org/eclipse/ee4j/project/1.0.7/project-1.0.7.pom
[INFO] Downloaded from papermc: https://repo.papermc.io/repository/maven-public/org/eclipse/ee4j/project/1.0.7/project-1.0.7.pom (14 kB at 945 kB/s)
[INFO] Downloading from papermc: https://repo.papermc.io/repository/maven-public/org/junit/junit-bom/5.10.3/junit-bom-5.10.3.pom
[INFO] Downloaded from papermc: https://repo.papermc.io/repository/maven-public/org/junit/junit-bom/5.10.3/junit-bom-5.10.3.pom (5.6 kB at 353 kB/s)
[INFO] Downloading from papermc: https://repo.papermc.io/repository/maven-public/org/mockito/mockito-bom/4.11.0/mockito-bom-4.11.0.pom
[INFO] Downloaded from papermc: https://repo.papermc.io/repository/maven-public/org/mockito/mockito-bom/4.11.0/mockito-bom-4.11.0.pom (3.2 kB at 197 kB/s)
[INFO] Downloading from papermc: https://repo.papermc.io/repository/maven-public/org/springframework/spring-framework-bom/5.3.39/spring-framework-bom-5.3.39.pom
[INFO] Downloaded from papermc: https://repo.papermc.io/repository/maven-public/org/springframework/spring-framework-bom/5.3.39/spring-framework-bom-5.3.39.pom (5.7 kB at 354 kB/s)
[INFO] Downloading from papermc: https://repo.papermc.io/repository/maven-public/org/slf4j/slf4j-api/2.0.16/slf4j-api-2.0.16.pom
[INFO] Downloaded from papermc: https://repo.papermc.io/repository/maven-public/org/slf4j/slf4j-api/2.0.16/slf4j-api-2.0.16.pom (2.8 kB at 188 kB/s)
[INFO] Downloading from papermc: https://repo.papermc.io/repository/maven-public/org/slf4j/slf4j-parent/2.0.16/slf4j-parent-2.0.16.pom
[INFO] Downloaded from papermc: https://repo.papermc.io/repository/maven-public/org/slf4j/slf4j-parent/2.0.16/slf4j-parent-2.0.16.pom (13 kB at 835 kB/s)
[INFO] Downloading from papermc: https://repo.papermc.io/repository/maven-public/org/slf4j/slf4j-bom/2.0.16/slf4j-bom-2.0.16.pom
[INFO] Downloaded from papermc: https://repo.papermc.io/repository/maven-public/org/slf4j/slf4j-bom/2.0.16/slf4j-bom-2.0.16.pom (7.3 kB at 431 kB/s)
[INFO] Downloading from papermc: https://repo.papermc.io/repository/maven-public/com/mojang/brigadier/1.3.10/brigadier-1.3.10.pom
[INFO] Downloaded from papermc: https://repo.papermc.io/repository/maven-public/com/mojang/brigadier/1.3.10/brigadier-1.3.10.pom (393 B at 26 kB/s)
[INFO] Downloading from papermc: https://repo.papermc.io/repository/maven-public/net/md-5/bungeecord-chat/1.21-R0.2-deprecated+build.21/bungeecord-chat-1.21-R0.2-deprecated+build.21.pom
[INFO] Downloaded from papermc: https://repo.papermc.io/repository/maven-public/net/md-5/bungeecord-chat/1.21-R0.2-deprecated+build.21/bungeecord-chat-1.21-R0.2-deprecated+build.21.pom (1.2 kB at 89 kB/s)
[INFO] Downloading from papermc: https://repo.papermc.io/repository/maven-public/com/google/code/gson/gson/2.8.8/gson-2.8.8.pom
[INFO] Downloaded from papermc: https://repo.papermc.io/repository/maven-public/com/google/code/gson/gson/2.8.8/gson-2.8.8.pom (6.0 kB at 332 kB/s)
[INFO] Downloading from papermc: https://repo.papermc.io/repository/maven-public/com/google/code/gson/gson-parent/2.8.8/gson-parent-2.8.8.pom
[INFO] Downloaded from papermc: https://repo.papermc.io/repository/maven-public/com/google/code/gson/gson-parent/2.8.8/gson-parent-2.8.8.pom (4.6 kB at 308 kB/s)
[INFO] Downloading from papermc: https://repo.papermc.io/repository/maven-public/org/apache/maven/maven-resolver-provider/3.9.6/maven-resolver-provider-3.9.6.pom
[INFO] Downloaded from papermc: https://repo.papermc.io/repository/maven-public/org/apache/maven/maven-resolver-provider/3.9.6/maven-resolver-provider-3.9.6.pom (4.5 kB at 322 kB/s)
[INFO] Downloading from papermc: https://repo.papermc.io/repository/maven-public/org/apache/maven/maven/3.9.6/maven-3.9.6.pom
[INFO] Downloaded from papermc: https://repo.papermc.io/repository/maven-public/org/apache/maven/maven/3.9.6/maven-3.9.6.pom (29 kB at 1.8 MB/s)
[INFO] Downloading from papermc: https://repo.papermc.io/repository/maven-public/org/apache/maven/maven-parent/41/maven-parent-41.pom
[INFO] Downloaded from papermc: https://repo.papermc.io/repository/maven-public/org/apache/maven/maven-parent/41/maven-parent-41.pom (51 kB at 2.8 MB/s)
[INFO] Downloading from papermc: https://repo.papermc.io/repository/maven-public/org/apache/apache/31/apache-31.pom
[INFO] Downloaded from papermc: https://repo.papermc.io/repository/maven-public/org/apache/apache/31/apache-31.pom (23 kB at 1.8 MB/s)
[INFO] Downloading from papermc: https://repo.papermc.io/repository/maven-public/org/apache/maven/maven-model/3.9.6/maven-model-3.9.6.pom
[INFO] Downloaded from papermc: https://repo.papermc.io/repository/maven-public/org/apache/maven/maven-model/3.9.6/maven-model-3.9.6.pom (2.7 kB at 170 kB/s)
[INFO] Downloading from papermc: https://repo.papermc.io/repository/maven-public/org/codehaus/plexus/plexus-utils/3.5.1/plexus-utils-3.5.1.pom
[INFO] Downloaded from papermc: https://repo.papermc.io/repository/maven-public/org/codehaus/plexus/plexus-utils/3.5.1/plexus-utils-3.5.1.pom (8.8 kB at 626 kB/s)
[INFO] Downloading from papermc: https://repo.papermc.io/repository/maven-public/org/codehaus/plexus/plexus/10/plexus-10.pom
[INFO] Downloaded from papermc: https://repo.papermc.io/repository/maven-public/org/codehaus/plexus/plexus/10/plexus-10.pom (25 kB at 1.7 MB/s)
[INFO] Downloading from papermc: https://repo.papermc.io/repository/maven-public/org/apache/maven/maven-model-builder/3.9.6/maven-model-builder-3.9.6.pom
[INFO] Downloaded from papermc: https://repo.papermc.io/repository/maven-public/org/apache/maven/maven-model-builder/3.9.6/maven-model-builder-3.9.6.pom (3.5 kB at 272 kB/s)
[INFO] Downloading from papermc: https://repo.papermc.io/repository/maven-public/org/codehaus/plexus/plexus-interpolation/1.26/plexus-interpolation-1.26.pom
[INFO] Downloaded from papermc: https://repo.papermc.io/repository/maven-public/org/codehaus/plexus/plexus-interpolation/1.26/plexus-interpolation-1.26.pom (2.7 kB at 190 kB/s)
[INFO] Downloading from papermc: https://repo.papermc.io/repository/maven-public/org/codehaus/plexus/plexus/5.1/plexus-5.1.pom
[INFO] Downloaded from papermc: https://repo.papermc.io/repository/maven-public/org/codehaus/plexus/plexus/5.1/plexus-5.1.pom (23 kB at 1.6 MB/s)
[INFO] Downloading from papermc: https://repo.papermc.io/repository/maven-public/javax/inject/javax.inject/1/javax.inject-1.pom
[INFO] Downloaded from papermc: https://repo.papermc.io/repository/maven-public/javax/inject/javax.inject/1/javax.inject-1.pom (612 B at 44 kB/s)
[INFO] Downloading from papermc: https://repo.papermc.io/repository/maven-public/org/apache/maven/maven-artifact/3.9.6/maven-artifact-3.9.6.pom
[INFO] Downloaded from papermc: https://repo.papermc.io/repository/maven-public/org/apache/maven/maven-artifact/3.9.6/maven-artifact-3.9.6.pom (2.3 kB at 178 kB/s)
[INFO] Downloading from papermc: https://repo.papermc.io/repository/maven-public/org/apache/commons/commons-lang3/3.12.0/commons-lang3-3.12.0.pom
[INFO] Downloaded from papermc: https://repo.papermc.io/repository/maven-public/org/apache/commons/commons-lang3/3.12.0/commons-lang3-3.12.0.pom (31 kB at 2.2 MB/s)
[INFO] Downloading from papermc: https://repo.papermc.io/repository/maven-public/org/apache/commons/commons-parent/52/commons-parent-52.pom
[INFO] Downloaded from papermc: https://repo.papermc.io/repository/maven-public/org/apache/commons/commons-parent/52/commons-parent-52.pom (79 kB at 5.0 MB/s)
[INFO] Downloading from papermc: https://repo.papermc.io/repository/maven-public/org/apache/apache/23/apache-23.pom
[INFO] Downloaded from papermc: https://repo.papermc.io/repository/maven-public/org/apache/apache/23/apache-23.pom (18 kB at 1.1 MB/s)
[INFO] Downloading from papermc: https://repo.papermc.io/repository/maven-public/org/junit/junit-bom/5.7.1/junit-bom-5.7.1.pom
[INFO] Downloaded from papermc: https://repo.papermc.io/repository/maven-public/org/junit/junit-bom/5.7.1/junit-bom-5.7.1.pom (5.1 kB at 300 kB/s)
[INFO] Downloading from papermc: https://repo.papermc.io/repository/maven-public/org/apache/maven/maven-builder-support/3.9.6/maven-builder-support-3.9.6.pom
[INFO] Downloaded from papermc: https://repo.papermc.io/repository/maven-public/org/apache/maven/maven-builder-support/3.9.6/maven-builder-support-3.9.6.pom (1.4 kB at 91 kB/s)
[INFO] Downloading from papermc: https://repo.papermc.io/repository/maven-public/org/eclipse/sisu/org.eclipse.sisu.inject/0.9.0.M2/org.eclipse.sisu.inject-0.9.0.M2.pom
[INFO] Downloaded from papermc: https://repo.papermc.io/repository/maven-public/org/eclipse/sisu/org.eclipse.sisu.inject/0.9.0.M2/org.eclipse.sisu.inject-0.9.0.M2.pom (17 kB at 963 kB/s)
[INFO] Downloading from papermc: https://repo.papermc.io/repository/maven-public/org/eclipse/sisu/sisu-inject/0.9.0.M2/sisu-inject-0.9.0.M2.pom
[INFO] Downloaded from papermc: https://repo.papermc.io/repository/maven-public/org/eclipse/sisu/sisu-inject/0.9.0.M2/sisu-inject-0.9.0.M2.pom (15 kB at 990 kB/s)
[INFO] Downloading from papermc: https://repo.papermc.io/repository/maven-public/org/apache/maven/maven-repository-metadata/3.9.6/maven-repository-metadata-3.9.6.pom
[INFO] Downloaded from papermc: https://repo.papermc.io/repository/maven-public/org/apache/maven/maven-repository-metadata/3.9.6/maven-repository-metadata-3.9.6.pom (2.1 kB at 137 kB/s)
[INFO] Downloading from papermc: https://repo.papermc.io/repository/maven-public/org/apache/maven/resolver/maven-resolver-api/1.9.18/maven-resolver-api-1.9.18.pom
[INFO] Downloaded from papermc: https://repo.papermc.io/repository/maven-public/org/apache/maven/resolver/maven-resolver-api/1.9.18/maven-resolver-api-1.9.18.pom (2.7 kB at 191 kB/s)
[INFO] Downloading from papermc: https://repo.papermc.io/repository/maven-public/org/apache/maven/resolver/maven-resolver/1.9.18/maven-resolver-1.9.18.pom
[INFO] Downloaded from papermc: https://repo.papermc.io/repository/maven-public/org/apache/maven/resolver/maven-resolver/1.9.18/maven-resolver-1.9.18.pom (22 kB at 1.4 MB/s)
[INFO] Downloading from papermc: https://repo.papermc.io/repository/maven-public/org/apache/maven/resolver/maven-resolver-spi/1.9.18/maven-resolver-spi-1.9.18.pom
[INFO] Downloaded from papermc: https://repo.papermc.io/repository/maven-public/org/apache/maven/resolver/maven-resolver-spi/1.9.18/maven-resolver-spi-1.9.18.pom (2.7 kB at 180 kB/s)
[INFO] Downloading from papermc: https://repo.papermc.io/repository/maven-public/org/apache/maven/resolver/maven-resolver-util/1.9.18/maven-resolver-util-1.9.18.pom
[INFO] Downloaded from papermc: https://repo.papermc.io/repository/maven-public/org/apache/maven/resolver/maven-resolver-util/1.9.18/maven-resolver-util-1.9.18.pom (2.9 kB at 178 kB/s)
[INFO] Downloading from papermc: https://repo.papermc.io/repository/maven-public/org/apache/maven/resolver/maven-resolver-impl/1.9.18/maven-resolver-impl-1.9.18.pom
[INFO] Downloaded from papermc: https://repo.papermc.io/repository/maven-public/org/apache/maven/resolver/maven-resolver-impl/1.9.18/maven-resolver-impl-1.9.18.pom (4.3 kB at 254 kB/s)
[INFO] Downloading from papermc: https://repo.papermc.io/repository/maven-public/org/apache/maven/resolver/maven-resolver-named-locks/1.9.18/maven-resolver-named-locks-1.9.18.pom
[INFO] Downloaded from papermc: https://repo.papermc.io/repository/maven-public/org/apache/maven/resolver/maven-resolver-named-locks/1.9.18/maven-resolver-named-locks-1.9.18.pom (3.2 kB at 230 kB/s)
[INFO] Downloading from papermc: https://repo.papermc.io/repository/maven-public/org/slf4j/slf4j-api/1.7.36/slf4j-api-1.7.36.pom
[INFO] Downloaded from papermc: https://repo.papermc.io/repository/maven-public/org/slf4j/slf4j-api/1.7.36/slf4j-api-1.7.36.pom (2.7 kB at 161 kB/s)
[INFO] Downloading from papermc: https://repo.papermc.io/repository/maven-public/org/slf4j/slf4j-parent/1.7.36/slf4j-parent-1.7.36.pom
[INFO] Downloaded from papermc: https://repo.papermc.io/repository/maven-public/org/slf4j/slf4j-parent/1.7.36/slf4j-parent-1.7.36.pom (14 kB at 877 kB/s)
[INFO] Downloading from papermc: https://repo.papermc.io/repository/maven-public/org/jspecify/jspecify/1.0.0/jspecify-1.0.0.pom
[INFO] Downloaded from papermc: https://repo.papermc.io/repository/maven-public/org/jspecify/jspecify/1.0.0/jspecify-1.0.0.pom (1.5 kB at 94 kB/s)
[INFO] Downloading from papermc: https://repo.papermc.io/repository/maven-public/net/kyori/adventure-api/4.26.1/adventure-api-4.26.1.pom
[INFO] Downloaded from papermc: https://repo.papermc.io/repository/maven-public/net/kyori/adventure-api/4.26.1/adventure-api-4.26.1.pom (3.3 kB at 175 kB/s)
[INFO] Downloading from papermc: https://repo.papermc.io/repository/maven-public/net/kyori/adventure-key/4.26.1/adventure-key-4.26.1.pom
[INFO] Downloaded from papermc: https://repo.papermc.io/repository/maven-public/net/kyori/adventure-key/4.26.1/adventure-key-4.26.1.pom (3.1 kB at 225 kB/s)
[INFO] Downloading from papermc: https://repo.papermc.io/repository/maven-public/net/kyori/examination-api/1.3.0/examination-api-1.3.0.pom
[INFO] Downloaded from papermc: https://repo.papermc.io/repository/maven-public/net/kyori/examination-api/1.3.0/examination-api-1.3.0.pom (2.1 kB at 137 kB/s)
[INFO] Downloading from papermc: https://repo.papermc.io/repository/maven-public/org/jetbrains/annotations/22.0.0/annotations-22.0.0.pom
[INFO] Downloaded from papermc: https://repo.papermc.io/repository/maven-public/org/jetbrains/annotations/22.0.0/annotations-22.0.0.pom (1.3 kB at 83 kB/s)
[INFO] Downloading from papermc: https://repo.papermc.io/repository/maven-public/net/kyori/examination-string/1.3.0/examination-string-1.3.0.pom
[INFO] Downloaded from papermc: https://repo.papermc.io/repository/maven-public/net/kyori/examination-string/1.3.0/examination-string-1.3.0.pom (2.1 kB at 147 kB/s)
[INFO] Downloading from papermc: https://repo.papermc.io/repository/maven-public/org/jetbrains/annotations/26.0.2-1/annotations-26.0.2-1.pom
[INFO] Downloaded from papermc: https://repo.papermc.io/repository/maven-public/org/jetbrains/annotations/26.0.2-1/annotations-26.0.2-1.pom (1.7 kB at 113 kB/s)
[INFO] Downloading from papermc: https://repo.papermc.io/repository/maven-public/net/kyori/adventure-text-minimessage/4.26.1/adventure-text-minimessage-4.26.1.pom
[INFO] Downloaded from papermc: https://repo.papermc.io/repository/maven-public/net/kyori/adventure-text-minimessage/4.26.1/adventure-text-minimessage-4.26.1.pom (2.9 kB at 9.3 kB/s)
[INFO] Downloading from papermc: https://repo.papermc.io/repository/maven-public/net/kyori/adventure-text-serializer-gson/4.26.1/adventure-text-serializer-gson-4.26.1.pom
[INFO] Downloaded from papermc: https://repo.papermc.io/repository/maven-public/net/kyori/adventure-text-serializer-gson/4.26.1/adventure-text-serializer-gson-4.26.1.pom (3.4 kB at 16 kB/s)
[INFO] Downloading from papermc: https://repo.papermc.io/repository/maven-public/net/kyori/adventure-text-serializer-json/4.26.1/adventure-text-serializer-json-4.26.1.pom
[INFO] Downloaded from papermc: https://repo.papermc.io/repository/maven-public/net/kyori/adventure-text-serializer-json/4.26.1/adventure-text-serializer-json-4.26.1.pom (3.2 kB at 14 kB/s)
[INFO] Downloading from papermc: https://repo.papermc.io/repository/maven-public/net/kyori/option/1.1.0/option-1.1.0.pom
[INFO] Downloaded from papermc: https://repo.papermc.io/repository/maven-public/net/kyori/option/1.1.0/option-1.1.0.pom (2.2 kB at 169 kB/s)
[INFO] Downloading from papermc: https://repo.papermc.io/repository/maven-public/org/jetbrains/annotations/26.0.2/annotations-26.0.2.pom
[INFO] Downloaded from papermc: https://repo.papermc.io/repository/maven-public/org/jetbrains/annotations/26.0.2/annotations-26.0.2.pom (1.7 kB at 112 kB/s)
[INFO] Downloading from papermc: https://repo.papermc.io/repository/maven-public/net/kyori/adventure-text-serializer-commons/4.26.1/adventure-text-serializer-commons-4.26.1.pom
[INFO] Downloaded from papermc: https://repo.papermc.io/repository/maven-public/net/kyori/adventure-text-serializer-commons/4.26.1/adventure-text-serializer-commons-4.26.1.pom (2.8 kB at 11 kB/s)
[INFO] Downloading from papermc: https://repo.papermc.io/repository/maven-public/com/google/code/gson/gson/2.8.0/gson-2.8.0.pom
[INFO] Downloaded from papermc: https://repo.papermc.io/repository/maven-public/com/google/code/gson/gson/2.8.0/gson-2.8.0.pom (1.4 kB at 90 kB/s)
[INFO] Downloading from papermc: https://repo.papermc.io/repository/maven-public/com/google/code/gson/gson-parent/2.8.0/gson-parent-2.8.0.pom
[INFO] Downloaded from papermc: https://repo.papermc.io/repository/maven-public/com/google/code/gson/gson-parent/2.8.0/gson-parent-2.8.0.pom (3.5 kB at 248 kB/s)
[INFO] Downloading from papermc: https://repo.papermc.io/repository/maven-public/com/google/auto/service/auto-service-annotations/1.1.1/auto-service-annotations-1.1.1.pom
[INFO] Downloaded from papermc: https://repo.papermc.io/repository/maven-public/com/google/auto/service/auto-service-annotations/1.1.1/auto-service-annotations-1.1.1.pom (2.3 kB at 152 kB/s)
[INFO] Downloading from papermc: https://repo.papermc.io/repository/maven-public/com/google/auto/service/auto-service-aggregator/1.1.1/auto-service-aggregator-1.1.1.pom
[INFO] Downloaded from papermc: https://repo.papermc.io/repository/maven-public/com/google/auto/service/auto-service-aggregator/1.1.1/auto-service-aggregator-1.1.1.pom (4.3 kB at 304 kB/s)
[INFO] Downloading from papermc: https://repo.papermc.io/repository/maven-public/net/kyori/adventure-text-serializer-legacy/4.26.1/adventure-text-serializer-legacy-4.26.1.pom
[INFO] Downloaded from papermc: https://repo.papermc.io/repository/maven-public/net/kyori/adventure-text-serializer-legacy/4.26.1/adventure-text-serializer-legacy-4.26.1.pom (2.8 kB at 11 kB/s)
[INFO] Downloading from papermc: https://repo.papermc.io/repository/maven-public/net/kyori/adventure-text-serializer-plain/4.26.1/adventure-text-serializer-plain-4.26.1.pom
[INFO] Downloaded from papermc: https://repo.papermc.io/repository/maven-public/net/kyori/adventure-text-serializer-plain/4.26.1/adventure-text-serializer-plain-4.26.1.pom (2.8 kB at 11 kB/s)
[INFO] Downloading from papermc: https://repo.papermc.io/repository/maven-public/net/kyori/adventure-text-logger-slf4j/4.26.1/adventure-text-logger-slf4j-4.26.1.pom
[INFO] Downloaded from papermc: https://repo.papermc.io/repository/maven-public/net/kyori/adventure-text-logger-slf4j/4.26.1/adventure-text-logger-slf4j-4.26.1.pom (3.0 kB at 11 kB/s)
[INFO] Downloading from papermc: https://repo.papermc.io/repository/maven-public/org/checkerframework/checker-qual/3.49.2/checker-qual-3.49.2.pom
[INFO] Downloaded from papermc: https://repo.papermc.io/repository/maven-public/org/checkerframework/checker-qual/3.49.2/checker-qual-3.49.2.pom (2.1 kB at 150 kB/s)
[INFO] Downloading from papermc: https://repo.papermc.io/repository/maven-public/org/apache/maven/resolver/maven-resolver-connector-basic/1.9.18/maven-resolver-connector-basic-1.9.18.pom
[INFO] Downloaded from papermc: https://repo.papermc.io/repository/maven-public/org/apache/maven/resolver/maven-resolver-connector-basic/1.9.18/maven-resolver-connector-basic-1.9.18.pom (3.7 kB at 248 kB/s)
[INFO] Downloading from papermc: https://repo.papermc.io/repository/maven-public/org/apache/maven/resolver/maven-resolver-transport-http/1.9.18/maven-resolver-transport-http-1.9.18.pom
[INFO] Downloaded from papermc: https://repo.papermc.io/repository/maven-public/org/apache/maven/resolver/maven-resolver-transport-http/1.9.18/maven-resolver-transport-http-1.9.18.pom (5.6 kB at 376 kB/s)
[INFO] Downloading from papermc: https://repo.papermc.io/repository/maven-public/org/apache/httpcomponents/httpclient/4.5.14/httpclient-4.5.14.pom
[INFO] Downloaded from papermc: https://repo.papermc.io/repository/maven-public/org/apache/httpcomponents/httpclient/4.5.14/httpclient-4.5.14.pom (6.6 kB at 473 kB/s)
[INFO] Downloading from papermc: https://repo.papermc.io/repository/maven-public/org/apache/httpcomponents/httpcomponents-client/4.5.14/httpcomponents-client-4.5.14.pom
[INFO] Downloaded from papermc: https://repo.papermc.io/repository/maven-public/org/apache/httpcomponents/httpcomponents-client/4.5.14/httpcomponents-client-4.5.14.pom (15 kB at 1.0 MB/s)
[INFO] Downloading from papermc: https://repo.papermc.io/repository/maven-public/org/apache/httpcomponents/httpcomponents-parent/11/httpcomponents-parent-11.pom
[INFO] Downloaded from papermc: https://repo.papermc.io/repository/maven-public/org/apache/httpcomponents/httpcomponents-parent/11/httpcomponents-parent-11.pom (35 kB at 2.5 MB/s)
[INFO] Downloading from papermc: https://repo.papermc.io/repository/maven-public/org/apache/apache/21/apache-21.pom
[INFO] Downloaded from papermc: https://repo.papermc.io/repository/maven-public/org/apache/apache/21/apache-21.pom (17 kB at 1.1 MB/s)
[INFO] Downloading from papermc: https://repo.papermc.io/repository/maven-public/org/apache/httpcomponents/httpcore/4.4.16/httpcore-4.4.16.pom
[INFO] Downloaded from papermc: https://repo.papermc.io/repository/maven-public/org/apache/httpcomponents/httpcore/4.4.16/httpcore-4.4.16.pom (5.0 kB at 331 kB/s)
[INFO] Downloading from papermc: https://repo.papermc.io/repository/maven-public/org/apache/httpcomponents/httpcomponents-core/4.4.16/httpcomponents-core-4.4.16.pom
[INFO] Downloaded from papermc: https://repo.papermc.io/repository/maven-public/org/apache/httpcomponents/httpcomponents-core/4.4.16/httpcomponents-core-4.4.16.pom (12 kB at 747 kB/s)
[INFO] Downloading from papermc: https://repo.papermc.io/repository/maven-public/commons-codec/commons-codec/1.16.0/commons-codec-1.16.0.pom
[INFO] Downloaded from papermc: https://repo.papermc.io/repository/maven-public/commons-codec/commons-codec/1.16.0/commons-codec-1.16.0.pom (16 kB at 1.1 MB/s)
[INFO] Downloading from papermc: https://repo.papermc.io/repository/maven-public/org/apache/commons/commons-parent/58/commons-parent-58.pom
[INFO] Downloaded from papermc: https://repo.papermc.io/repository/maven-public/org/apache/commons/commons-parent/58/commons-parent-58.pom (83 kB at 4.3 MB/s)
[INFO] Downloading from papermc: https://repo.papermc.io/repository/maven-public/org/junit/junit-bom/5.9.3/junit-bom-5.9.3.pom
[INFO] Downloaded from papermc: https://repo.papermc.io/repository/maven-public/org/junit/junit-bom/5.9.3/junit-bom-5.9.3.pom (5.6 kB at 352 kB/s)
[INFO] Downloading from papermc: https://repo.papermc.io/repository/maven-public/org/slf4j/jcl-over-slf4j/1.7.36/jcl-over-slf4j-1.7.36.pom
[INFO] Downloaded from papermc: https://repo.papermc.io/repository/maven-public/org/slf4j/jcl-over-slf4j/1.7.36/jcl-over-slf4j-1.7.36.pom (1.2 kB at 69 kB/s)
[INFO] Downloading from papermc: https://repo.papermc.io/repository/maven-public/io/papermc/paper/paper-api/1.21.11-R0.1-SNAPSHOT/paper-api-1.21.11-R0.1-20260511.115010-91.jar
[INFO] Downloaded from papermc: https://repo.papermc.io/repository/maven-public/io/papermc/paper/paper-api/1.21.11-R0.1-SNAPSHOT/paper-api-1.21.11-R0.1-20260511.115010-91.jar (2.8 MB at 41 MB/s)
[INFO] Downloading from papermc: https://repo.papermc.io/repository/maven-public/com/google/guava/guava/33.3.1-jre/guava-33.3.1-jre.jar
[INFO] Downloading from papermc: https://repo.papermc.io/repository/maven-public/com/google/guava/failureaccess/1.0.2/failureaccess-1.0.2.jar
[INFO] Downloading from papermc: https://repo.papermc.io/repository/maven-public/com/google/guava/listenablefuture/9999.0-empty-to-avoid-conflict-with-guava/listenablefuture-9999.0-empty-to-avoid-conflict-with-guava.jar
[INFO] Downloading from papermc: https://repo.papermc.io/repository/maven-public/com/google/code/findbugs/jsr305/3.0.2/jsr305-3.0.2.jar
[INFO] Downloading from papermc: https://repo.papermc.io/repository/maven-public/com/google/errorprone/error_prone_annotations/2.28.0/error_prone_annotations-2.28.0.jar
[INFO] Downloaded from papermc: https://repo.papermc.io/repository/maven-public/com/google/guava/failureaccess/1.0.2/failureaccess-1.0.2.jar (4.7 kB at 263 kB/s)
[INFO] Downloading from papermc: https://repo.papermc.io/repository/maven-public/com/google/j2objc/j2objc-annotations/3.0.0/j2objc-annotations-3.0.0.jar
[INFO] Downloaded from papermc: https://repo.papermc.io/repository/maven-public/com/google/j2objc/j2objc-annotations/3.0.0/j2objc-annotations-3.0.0.jar (12 kB at 367 kB/s)
[INFO] Downloading from papermc: https://repo.papermc.io/repository/maven-public/com/google/code/gson/gson/2.11.0/gson-2.11.0.jar
[INFO] Downloaded from papermc: https://repo.papermc.io/repository/maven-public/com/google/guava/listenablefuture/9999.0-empty-to-avoid-conflict-with-guava/listenablefuture-9999.0-empty-to-avoid-conflict-with-guava.jar (2.2 kB at 48 kB/s)
[INFO] Downloading from papermc: https://repo.papermc.io/repository/maven-public/org/yaml/snakeyaml/2.2/snakeyaml-2.2.jar
[INFO] Downloaded from papermc: https://repo.papermc.io/repository/maven-public/com/google/errorprone/error_prone_annotations/2.28.0/error_prone_annotations-2.28.0.jar (19 kB at 372 kB/s)
[INFO] Downloading from papermc: https://repo.papermc.io/repository/maven-public/org/joml/joml/1.10.8/joml-1.10.8.jar
[INFO] Downloaded from papermc: https://repo.papermc.io/repository/maven-public/com/google/code/findbugs/jsr305/3.0.2/jsr305-3.0.2.jar (20 kB at 376 kB/s)
[INFO] Downloading from papermc: https://repo.papermc.io/repository/maven-public/it/unimi/dsi/fastutil/8.5.15/fastutil-8.5.15.jar
[INFO] Downloaded from papermc: https://repo.papermc.io/repository/maven-public/com/google/code/gson/gson/2.11.0/gson-2.11.0.jar (298 kB at 5.3 MB/s)
[INFO] Downloading from papermc: https://repo.papermc.io/repository/maven-public/org/apache/logging/log4j/log4j-api/2.24.1/log4j-api-2.24.1.jar
[INFO] Downloaded from papermc: https://repo.papermc.io/repository/maven-public/org/yaml/snakeyaml/2.2/snakeyaml-2.2.jar (334 kB at 4.3 MB/s)
[INFO] Downloading from papermc: https://repo.papermc.io/repository/maven-public/org/slf4j/slf4j-api/2.0.16/slf4j-api-2.0.16.jar
[INFO] Downloaded from papermc: https://repo.papermc.io/repository/maven-public/org/apache/logging/log4j/log4j-api/2.24.1/log4j-api-2.24.1.jar (348 kB at 4.5 MB/s)
[INFO] Downloading from papermc: https://repo.papermc.io/repository/maven-public/com/mojang/brigadier/1.3.10/brigadier-1.3.10.jar
[INFO] Downloaded from papermc: https://repo.papermc.io/repository/maven-public/org/joml/joml/1.10.8/joml-1.10.8.jar (779 kB at 8.6 MB/s)
[INFO] Downloading from papermc: https://repo.papermc.io/repository/maven-public/net/md-5/bungeecord-chat/1.21-R0.2-deprecated+build.21/bungeecord-chat-1.21-R0.2-deprecated+build.21.jar
[INFO] Downloaded from papermc: https://repo.papermc.io/repository/maven-public/com/mojang/brigadier/1.3.10/brigadier-1.3.10.jar (80 kB at 880 kB/s)
[INFO] Downloading from papermc: https://repo.papermc.io/repository/maven-public/org/apache/maven/maven-resolver-provider/3.9.6/maven-resolver-provider-3.9.6.jar
[INFO] Downloaded from papermc: https://repo.papermc.io/repository/maven-public/org/slf4j/slf4j-api/2.0.16/slf4j-api-2.0.16.jar (69 kB at 731 kB/s)
[INFO] Downloading from papermc: https://repo.papermc.io/repository/maven-public/org/apache/maven/maven-model/3.9.6/maven-model-3.9.6.jar
[INFO] Downloaded from papermc: https://repo.papermc.io/repository/maven-public/org/apache/maven/maven-resolver-provider/3.9.6/maven-resolver-provider-3.9.6.jar (74 kB at 695 kB/s)
[INFO] Downloaded from papermc: https://repo.papermc.io/repository/maven-public/net/md-5/bungeecord-chat/1.21-R0.2-deprecated+build.21/bungeecord-chat-1.21-R0.2-deprecated+build.21.jar (168 kB at 1.6 MB/s)
[INFO] Downloading from papermc: https://repo.papermc.io/repository/maven-public/org/codehaus/plexus/plexus-interpolation/1.26/plexus-interpolation-1.26.jar
[INFO] Downloading from papermc: https://repo.papermc.io/repository/maven-public/org/apache/maven/maven-model-builder/3.9.6/maven-model-builder-3.9.6.jar
[INFO] Downloaded from papermc: https://repo.papermc.io/repository/maven-public/org/apache/maven/maven-model/3.9.6/maven-model-3.9.6.jar (218 kB at 2.0 MB/s)
[INFO] Downloading from papermc: https://repo.papermc.io/repository/maven-public/org/apache/maven/maven-artifact/3.9.6/maven-artifact-3.9.6.jar
[INFO] Downloaded from papermc: https://repo.papermc.io/repository/maven-public/com/google/guava/guava/33.3.1-jre/guava-33.3.1-jre.jar (3.1 MB at 26 MB/s)
[INFO] Downloading from papermc: https://repo.papermc.io/repository/maven-public/org/apache/commons/commons-lang3/3.12.0/commons-lang3-3.12.0.jar
[INFO] Downloaded from papermc: https://repo.papermc.io/repository/maven-public/org/codehaus/plexus/plexus-interpolation/1.26/plexus-interpolation-1.26.jar (85 kB at 711 kB/s)
[INFO] Downloading from papermc: https://repo.papermc.io/repository/maven-public/org/apache/maven/maven-builder-support/3.9.6/maven-builder-support-3.9.6.jar
[INFO] Downloaded from papermc: https://repo.papermc.io/repository/maven-public/org/apache/maven/maven-artifact/3.9.6/maven-artifact-3.9.6.jar (59 kB at 477 kB/s)
[INFO] Downloading from papermc: https://repo.papermc.io/repository/maven-public/org/eclipse/sisu/org.eclipse.sisu.inject/0.9.0.M2/org.eclipse.sisu.inject-0.9.0.M2.jar
[INFO] Downloaded from papermc: https://repo.papermc.io/repository/maven-public/org/apache/maven/maven-model-builder/3.9.6/maven-model-builder-3.9.6.jar (198 kB at 1.6 MB/s)
[INFO] Downloading from papermc: https://repo.papermc.io/repository/maven-public/org/apache/maven/maven-repository-metadata/3.9.6/maven-repository-metadata-3.9.6.jar
[INFO] Downloaded from papermc: https://repo.papermc.io/repository/maven-public/org/apache/maven/maven-builder-support/3.9.6/maven-builder-support-3.9.6.jar (14 kB at 108 kB/s)
[INFO] Downloading from papermc: https://repo.papermc.io/repository/maven-public/org/apache/maven/resolver/maven-resolver-api/1.9.18/maven-resolver-api-1.9.18.jar
[INFO] Downloaded from papermc: https://repo.papermc.io/repository/maven-public/org/apache/commons/commons-lang3/3.12.0/commons-lang3-3.12.0.jar (587 kB at 4.2 MB/s)
[INFO] Downloading from papermc: https://repo.papermc.io/repository/maven-public/org/apache/maven/resolver/maven-resolver-spi/1.9.18/maven-resolver-spi-1.9.18.jar
[INFO] Downloaded from papermc: https://repo.papermc.io/repository/maven-public/org/eclipse/sisu/org.eclipse.sisu.inject/0.9.0.M2/org.eclipse.sisu.inject-0.9.0.M2.jar (425 kB at 3.0 MB/s)
[INFO] Downloading from papermc: https://repo.papermc.io/repository/maven-public/org/apache/maven/resolver/maven-resolver-util/1.9.18/maven-resolver-util-1.9.18.jar
[INFO] Downloaded from papermc: https://repo.papermc.io/repository/maven-public/org/apache/maven/maven-repository-metadata/3.9.6/maven-repository-metadata-3.9.6.jar (28 kB at 199 kB/s)
[INFO] Downloading from papermc: https://repo.papermc.io/repository/maven-public/org/apache/maven/resolver/maven-resolver-impl/1.9.18/maven-resolver-impl-1.9.18.jar
[INFO] Downloaded from papermc: https://repo.papermc.io/repository/maven-public/org/apache/maven/resolver/maven-resolver-api/1.9.18/maven-resolver-api-1.9.18.jar (157 kB at 1.1 MB/s)
[INFO] Downloading from papermc: https://repo.papermc.io/repository/maven-public/org/apache/maven/resolver/maven-resolver-named-locks/1.9.18/maven-resolver-named-locks-1.9.18.jar
[INFO] Downloaded from papermc: https://repo.papermc.io/repository/maven-public/org/apache/maven/resolver/maven-resolver-util/1.9.18/maven-resolver-util-1.9.18.jar (196 kB at 1.3 MB/s)
[INFO] Downloading from papermc: https://repo.papermc.io/repository/maven-public/org/codehaus/plexus/plexus-utils/3.5.1/plexus-utils-3.5.1.jar
[INFO] Downloaded from papermc: https://repo.papermc.io/repository/maven-public/org/apache/maven/resolver/maven-resolver-impl/1.9.18/maven-resolver-impl-1.9.18.jar (318 kB at 2.0 MB/s)
[INFO] Downloaded from papermc: https://repo.papermc.io/repository/maven-public/org/apache/maven/resolver/maven-resolver-spi/1.9.18/maven-resolver-spi-1.9.18.jar (52 kB at 325 kB/s)
[INFO] Downloading from papermc: https://repo.papermc.io/repository/maven-public/javax/inject/javax.inject/1/javax.inject-1.jar
[INFO] Downloading from papermc: https://repo.papermc.io/repository/maven-public/org/jspecify/jspecify/1.0.0/jspecify-1.0.0.jar
[INFO] Downloaded from papermc: https://repo.papermc.io/repository/maven-public/org/apache/maven/resolver/maven-resolver-named-locks/1.9.18/maven-resolver-named-locks-1.9.18.jar (38 kB at 236 kB/s)
[INFO] Downloading from papermc: https://repo.papermc.io/repository/maven-public/net/kyori/adventure-api/4.26.1/adventure-api-4.26.1.jar
[INFO] Downloaded from papermc: https://repo.papermc.io/repository/maven-public/org/codehaus/plexus/plexus-utils/3.5.1/plexus-utils-3.5.1.jar (269 kB at 1.6 MB/s)
[INFO] Downloading from papermc: https://repo.papermc.io/repository/maven-public/net/kyori/adventure-key/4.26.1/adventure-key-4.26.1.jar
[INFO] Downloaded from papermc: https://repo.papermc.io/repository/maven-public/org/jspecify/jspecify/1.0.0/jspecify-1.0.0.jar (3.8 kB at 22 kB/s)
[INFO] Downloaded from papermc: https://repo.papermc.io/repository/maven-public/javax/inject/javax.inject/1/javax.inject-1.jar (2.5 kB at 14 kB/s)
[INFO] Downloading from papermc: https://repo.papermc.io/repository/maven-public/net/kyori/examination-api/1.3.0/examination-api-1.3.0.jar
[INFO] Downloading from papermc: https://repo.papermc.io/repository/maven-public/net/kyori/examination-string/1.3.0/examination-string-1.3.0.jar
[INFO] Downloaded from papermc: https://repo.papermc.io/repository/maven-public/net/kyori/adventure-api/4.26.1/adventure-api-4.26.1.jar (455 kB at 2.5 MB/s)
[INFO] Downloading from papermc: https://repo.papermc.io/repository/maven-public/org/jetbrains/annotations/26.0.2-1/annotations-26.0.2-1.jar
[INFO] Downloaded from papermc: https://repo.papermc.io/repository/maven-public/net/kyori/adventure-key/4.26.1/adventure-key-4.26.1.jar (11 kB at 61 kB/s)
[INFO] Downloading from papermc: https://repo.papermc.io/repository/maven-public/net/kyori/adventure-text-minimessage/4.26.1/adventure-text-minimessage-4.26.1.jar
[INFO] Downloaded from papermc: https://repo.papermc.io/repository/maven-public/net/kyori/examination-string/1.3.0/examination-string-1.3.0.jar (13 kB at 69 kB/s)
[INFO] Downloading from papermc: https://repo.papermc.io/repository/maven-public/net/kyori/adventure-text-serializer-gson/4.26.1/adventure-text-serializer-gson-4.26.1.jar
[INFO] Downloaded from papermc: https://repo.papermc.io/repository/maven-public/org/jetbrains/annotations/26.0.2-1/annotations-26.0.2-1.jar (31 kB at 160 kB/s)
[INFO] Downloading from papermc: https://repo.papermc.io/repository/maven-public/net/kyori/adventure-text-serializer-json/4.26.1/adventure-text-serializer-json-4.26.1.jar
[INFO] Downloaded from papermc: https://repo.papermc.io/repository/maven-public/net/kyori/examination-api/1.3.0/examination-api-1.3.0.jar (23 kB at 120 kB/s)
[INFO] Downloading from papermc: https://repo.papermc.io/repository/maven-public/net/kyori/option/1.1.0/option-1.1.0.jar
[INFO] Downloaded from papermc: https://repo.papermc.io/repository/maven-public/net/kyori/adventure-text-minimessage/4.26.1/adventure-text-minimessage-4.26.1.jar (194 kB at 974 kB/s)
[INFO] Downloading from papermc: https://repo.papermc.io/repository/maven-public/com/google/auto/service/auto-service-annotations/1.1.1/auto-service-annotations-1.1.1.jar
[INFO] Downloaded from papermc: https://repo.papermc.io/repository/maven-public/net/kyori/adventure-text-serializer-gson/4.26.1/adventure-text-serializer-gson-4.26.1.jar (66 kB at 323 kB/s)
[INFO] Downloading from papermc: https://repo.papermc.io/repository/maven-public/net/kyori/adventure-text-serializer-commons/4.26.1/adventure-text-serializer-commons-4.26.1.jar
[INFO] Downloaded from papermc: https://repo.papermc.io/repository/maven-public/net/kyori/option/1.1.0/option-1.1.0.jar (32 kB at 154 kB/s)
[INFO] Downloading from papermc: https://repo.papermc.io/repository/maven-public/net/kyori/adventure-text-serializer-legacy/4.26.1/adventure-text-serializer-legacy-4.26.1.jar
[INFO] Downloaded from papermc: https://repo.papermc.io/repository/maven-public/net/kyori/adventure-text-serializer-json/4.26.1/adventure-text-serializer-json-4.26.1.jar (17 kB at 80 kB/s)
[INFO] Downloading from papermc: https://repo.papermc.io/repository/maven-public/net/kyori/adventure-text-serializer-plain/4.26.1/adventure-text-serializer-plain-4.26.1.jar
[INFO] Downloaded from papermc: https://repo.papermc.io/repository/maven-public/com/google/auto/service/auto-service-annotations/1.1.1/auto-service-annotations-1.1.1.jar (3.2 kB at 15 kB/s)
[INFO] Downloading from papermc: https://repo.papermc.io/repository/maven-public/net/kyori/adventure-text-logger-slf4j/4.26.1/adventure-text-logger-slf4j-4.26.1.jar
[INFO] Downloaded from papermc: https://repo.papermc.io/repository/maven-public/net/kyori/adventure-text-serializer-legacy/4.26.1/adventure-text-serializer-legacy-4.26.1.jar (30 kB at 135 kB/s)
[INFO] Downloaded from papermc: https://repo.papermc.io/repository/maven-public/net/kyori/adventure-text-serializer-commons/4.26.1/adventure-text-serializer-commons-4.26.1.jar (2.8 kB at 13 kB/s)
[INFO] Downloading from papermc: https://repo.papermc.io/repository/maven-public/org/checkerframework/checker-qual/3.49.2/checker-qual-3.49.2.jar
[INFO] Downloading from papermc: https://repo.papermc.io/repository/maven-public/org/apache/maven/resolver/maven-resolver-connector-basic/1.9.18/maven-resolver-connector-basic-1.9.18.jar
[INFO] Downloaded from papermc: https://repo.papermc.io/repository/maven-public/net/kyori/adventure-text-logger-slf4j/4.26.1/adventure-text-logger-slf4j-4.26.1.jar (20 kB at 87 kB/s)
[INFO] Downloaded from papermc: https://repo.papermc.io/repository/maven-public/it/unimi/dsi/fastutil/8.5.15/fastutil-8.5.15.jar (24 MB at 102 MB/s)
[INFO] Downloading from papermc: https://repo.papermc.io/repository/maven-public/org/apache/maven/resolver/maven-resolver-transport-http/1.9.18/maven-resolver-transport-http-1.9.18.jar
[INFO] Downloading from papermc: https://repo.papermc.io/repository/maven-public/org/apache/httpcomponents/httpclient/4.5.14/httpclient-4.5.14.jar
[INFO] Downloaded from papermc: https://repo.papermc.io/repository/maven-public/net/kyori/adventure-text-serializer-plain/4.26.1/adventure-text-serializer-plain-4.26.1.jar (13 kB at 56 kB/s)
[INFO] Downloading from papermc: https://repo.papermc.io/repository/maven-public/org/apache/httpcomponents/httpcore/4.4.16/httpcore-4.4.16.jar
[INFO] Downloaded from papermc: https://repo.papermc.io/repository/maven-public/org/apache/maven/resolver/maven-resolver-connector-basic/1.9.18/maven-resolver-connector-basic-1.9.18.jar (40 kB at 171 kB/s)
[INFO] Downloading from papermc: https://repo.papermc.io/repository/maven-public/commons-codec/commons-codec/1.16.0/commons-codec-1.16.0.jar
[INFO] Downloaded from papermc: https://repo.papermc.io/repository/maven-public/org/checkerframework/checker-qual/3.49.2/checker-qual-3.49.2.jar (238 kB at 1.0 MB/s)
[INFO] Downloading from papermc: https://repo.papermc.io/repository/maven-public/org/slf4j/jcl-over-slf4j/1.7.36/jcl-over-slf4j-1.7.36.jar
[INFO] Downloaded from papermc: https://repo.papermc.io/repository/maven-public/org/apache/maven/resolver/maven-resolver-transport-http/1.9.18/maven-resolver-transport-http-1.9.18.jar (56 kB at 225 kB/s)
[INFO] Downloaded from papermc: https://repo.papermc.io/repository/maven-public/org/apache/httpcomponents/httpclient/4.5.14/httpclient-4.5.14.jar (786 kB at 3.2 MB/s)
[INFO] Downloaded from papermc: https://repo.papermc.io/repository/maven-public/org/slf4j/jcl-over-slf4j/1.7.36/jcl-over-slf4j-1.7.36.jar (17 kB at 66 kB/s)
[INFO] Downloaded from papermc: https://repo.papermc.io/repository/maven-public/org/apache/httpcomponents/httpcore/4.4.16/httpcore-4.4.16.jar (328 kB at 1.3 MB/s)
[INFO] Downloaded from papermc: https://repo.papermc.io/repository/maven-public/commons-codec/commons-codec/1.16.0/commons-codec-1.16.0.jar (361 kB at 1.4 MB/s)
[INFO] 
[INFO] --- clean:3.2.0:clean (default-clean) @ beaverplugin ---
[INFO] Downloading from central: https://repo.maven.apache.org/maven2/org/apache/maven/shared/maven-shared-utils/3.3.4/maven-shared-utils-3.3.4.pom
[INFO] Downloaded from central: https://repo.maven.apache.org/maven2/org/apache/maven/shared/maven-shared-utils/3.3.4/maven-shared-utils-3.3.4.pom (5.8 kB at 254 kB/s)
[INFO] Downloading from central: https://repo.maven.apache.org/maven2/org/apache/maven/shared/maven-shared-components/34/maven-shared-components-34.pom
[INFO] Downloaded from central: https://repo.maven.apache.org/maven2/org/apache/maven/shared/maven-shared-components/34/maven-shared-components-34.pom (5.1 kB at 243 kB/s)
[INFO] Downloading from central: https://repo.maven.apache.org/maven2/org/apache/maven/maven-parent/34/maven-parent-34.pom
[INFO] Downloaded from central: https://repo.maven.apache.org/maven2/org/apache/maven/maven-parent/34/maven-parent-34.pom (43 kB at 1.4 MB/s)
[INFO] Downloading from central: https://repo.maven.apache.org/maven2/commons-io/commons-io/2.6/commons-io-2.6.pom
[INFO] Downloaded from central: https://repo.maven.apache.org/maven2/commons-io/commons-io/2.6/commons-io-2.6.pom (14 kB at 750 kB/s)
[INFO] Downloading from central: https://repo.maven.apache.org/maven2/org/apache/commons/commons-parent/42/commons-parent-42.pom
[INFO] Downloaded from central: https://repo.maven.apache.org/maven2/org/apache/commons/commons-parent/42/commons-parent-42.pom (68 kB at 3.2 MB/s)
[INFO] Downloading from central: https://repo.maven.apache.org/maven2/org/apache/apache/18/apache-18.pom
[INFO] Downloaded from central: https://repo.maven.apache.org/maven2/org/apache/apache/18/apache-18.pom (16 kB at 870 kB/s)
[INFO] Downloading from central: https://repo.maven.apache.org/maven2/org/apache/maven/shared/maven-shared-utils/3.3.4/maven-shared-utils-3.3.4.jar
[INFO] Downloaded from central: https://repo.maven.apache.org/maven2/org/apache/maven/shared/maven-shared-utils/3.3.4/maven-shared-utils-3.3.4.jar (153 kB at 6.7 MB/s)
[INFO] Downloading from central: https://repo.maven.apache.org/maven2/commons-io/commons-io/2.6/commons-io-2.6.jar
[INFO] Downloaded from central: https://repo.maven.apache.org/maven2/commons-io/commons-io/2.6/commons-io-2.6.jar (215 kB at 9.3 MB/s)
[INFO] 
[INFO] --- resources:3.4.0:resources (default-resources) @ beaverplugin ---
[INFO] Downloading from central: https://repo.maven.apache.org/maven2/org/apache/maven/shared/maven-filtering/3.4.0/maven-filtering-3.4.0.pom
[INFO] Downloaded from central: https://repo.maven.apache.org/maven2/org/apache/maven/shared/maven-filtering/3.4.0/maven-filtering-3.4.0.pom (6.5 kB at 294 kB/s)
[INFO] Downloading from central: https://repo.maven.apache.org/maven2/org/apache/maven/shared/maven-shared-components/43/maven-shared-components-43.pom
[INFO] Downloaded from central: https://repo.maven.apache.org/maven2/org/apache/maven/shared/maven-shared-components/43/maven-shared-components-43.pom (3.8 kB at 189 kB/s)
[INFO] Downloading from central: https://repo.maven.apache.org/maven2/org/apache/maven/maven-parent/43/maven-parent-43.pom
[INFO] Downloaded from central: https://repo.maven.apache.org/maven2/org/apache/maven/maven-parent/43/maven-parent-43.pom (50 kB at 2.3 MB/s)
[INFO] Downloading from central: https://repo.maven.apache.org/maven2/org/sonatype/plexus/plexus-build-api/0.0.7/plexus-build-api-0.0.7.pom
[INFO] Downloaded from central: https://repo.maven.apache.org/maven2/org/sonatype/plexus/plexus-build-api/0.0.7/plexus-build-api-0.0.7.pom (3.2 kB at 160 kB/s)
[INFO] Downloading from central: https://repo.maven.apache.org/maven2/org/sonatype/spice/spice-parent/15/spice-parent-15.pom
[INFO] Downloaded from central: https://repo.maven.apache.org/maven2/org/sonatype/spice/spice-parent/15/spice-parent-15.pom (8.4 kB at 440 kB/s)
[INFO] Downloading from central: https://repo.maven.apache.org/maven2/org/sonatype/forge/forge-parent/5/forge-parent-5.pom
[INFO] Downloaded from central: https://repo.maven.apache.org/maven2/org/sonatype/forge/forge-parent/5/forge-parent-5.pom (8.4 kB at 465 kB/s)
[INFO] Downloading from central: https://repo.maven.apache.org/maven2/org/codehaus/plexus/plexus-utils/4.0.2/plexus-utils-4.0.2.pom
[INFO] Downloaded from central: https://repo.maven.apache.org/maven2/org/codehaus/plexus/plexus-utils/4.0.2/plexus-utils-4.0.2.pom (13 kB at 610 kB/s)
[INFO] Downloading from central: https://repo.maven.apache.org/maven2/org/codehaus/plexus/plexus-xml/3.0.1/plexus-xml-3.0.1.pom
[INFO] Downloaded from central: https://repo.maven.apache.org/maven2/org/codehaus/plexus/plexus-xml/3.0.1/plexus-xml-3.0.1.pom (3.7 kB at 185 kB/s)
[INFO] Downloading from central: https://repo.maven.apache.org/maven2/org/codehaus/plexus/plexus/18/plexus-18.pom
[INFO] Downloaded from central: https://repo.maven.apache.org/maven2/org/codehaus/plexus/plexus/18/plexus-18.pom (29 kB at 1.4 MB/s)
[INFO] Downloading from central: https://repo.maven.apache.org/maven2/org/junit/junit-bom/5.10.2/junit-bom-5.10.2.pom
[INFO] Downloaded from central: https://repo.maven.apache.org/maven2/org/junit/junit-bom/5.10.2/junit-bom-5.10.2.pom (5.6 kB at 257 kB/s)
[INFO] Downloading from central: https://repo.maven.apache.org/maven2/org/codehaus/plexus/plexus-interpolation/1.27/plexus-interpolation-1.27.pom
[INFO] Downloaded from central: https://repo.maven.apache.org/maven2/org/codehaus/plexus/plexus-interpolation/1.27/plexus-interpolation-1.27.pom (3.0 kB at 168 kB/s)
[INFO] Downloading from central: https://repo.maven.apache.org/maven2/org/codehaus/plexus/plexus/16/plexus-16.pom
[INFO] Downloaded from central: https://repo.maven.apache.org/maven2/org/codehaus/plexus/plexus/16/plexus-16.pom (28 kB at 1.5 MB/s)
[INFO] Downloading from central: https://repo.maven.apache.org/maven2/org/junit/junit-bom/5.10.1/junit-bom-5.10.1.pom
[INFO] Downloaded from central: https://repo.maven.apache.org/maven2/org/junit/junit-bom/5.10.1/junit-bom-5.10.1.pom (5.6 kB at 314 kB/s)
[INFO] Downloading from central: https://repo.maven.apache.org/maven2/commons-io/commons-io/2.16.1/commons-io-2.16.1.pom
[INFO] Downloaded from central: https://repo.maven.apache.org/maven2/commons-io/commons-io/2.16.1/commons-io-2.16.1.pom (20 kB at 311 kB/s)
[INFO] Downloading from central: https://repo.maven.apache.org/maven2/org/apache/commons/commons-parent/69/commons-parent-69.pom
[INFO] Downloaded from central: https://repo.maven.apache.org/maven2/org/apache/commons/commons-parent/69/commons-parent-69.pom (77 kB at 3.1 MB/s)
[INFO] Downloading from central: https://repo.maven.apache.org/maven2/org/apache/commons/commons-lang3/3.16.0/commons-lang3-3.16.0.pom
[INFO] Downloaded from central: https://repo.maven.apache.org/maven2/org/apache/commons/commons-lang3/3.16.0/commons-lang3-3.16.0.pom (31 kB at 1.4 MB/s)
[INFO] Downloading from central: https://repo.maven.apache.org/maven2/org/apache/commons/commons-parent/72/commons-parent-72.pom
[INFO] Downloaded from central: https://repo.maven.apache.org/maven2/org/apache/commons/commons-parent/72/commons-parent-72.pom (78 kB at 3.9 MB/s)
[INFO] Downloading from central: https://repo.maven.apache.org/maven2/org/junit/junit-bom/5.11.0-M2/junit-bom-5.11.0-M2.pom
[INFO] Downloaded from central: https://repo.maven.apache.org/maven2/org/junit/junit-bom/5.11.0-M2/junit-bom-5.11.0-M2.pom (5.7 kB at 317 kB/s)
[INFO] Downloading from central: https://repo.maven.apache.org/maven2/org/apache/commons/commons-lang3/3.20.0/commons-lang3-3.20.0.pom
[INFO] Downloaded from central: https://repo.maven.apache.org/maven2/org/apache/commons/commons-lang3/3.20.0/commons-lang3-3.20.0.pom (33 kB at 1.6 MB/s)
[INFO] Downloading from central: https://repo.maven.apache.org/maven2/org/apache/commons/commons-parent/92/commons-parent-92.pom
[INFO] Downloaded from central: https://repo.maven.apache.org/maven2/org/apache/commons/commons-parent/92/commons-parent-92.pom (80 kB at 3.6 MB/s)
[INFO] Downloading from central: https://repo.maven.apache.org/maven2/org/junit/junit-bom/5.13.4/junit-bom-5.13.4.pom
[INFO] Downloaded from central: https://repo.maven.apache.org/maven2/org/junit/junit-bom/5.13.4/junit-bom-5.13.4.pom (5.7 kB at 333 kB/s)
[INFO] Artifact javax.inject:javax.inject:jar:1 is present in the local repository, but cached from a remote repository ID that is unavailable in current build context, verifying that is downloadable from [central (https://repo.maven.apache.org/maven2, default, releases)]
[INFO] Artifact javax.inject:javax.inject:jar:1 is present in the local repository, but cached from a remote repository ID that is unavailable in current build context, verifying that is downloadable from [central (https://repo.maven.apache.org/maven2, default, releases)]
[INFO] Downloading from central: https://repo.maven.apache.org/maven2/org/apache/maven/shared/maven-filtering/3.4.0/maven-filtering-3.4.0.jar
[INFO] Downloaded from central: https://repo.maven.apache.org/maven2/org/apache/maven/shared/maven-filtering/3.4.0/maven-filtering-3.4.0.jar (56 kB at 2.9 MB/s)
[INFO] Downloading from central: https://repo.maven.apache.org/maven2/org/slf4j/slf4j-api/1.7.36/slf4j-api-1.7.36.jar
[INFO] Downloading from central: https://repo.maven.apache.org/maven2/org/sonatype/plexus/plexus-build-api/0.0.7/plexus-build-api-0.0.7.jar
[INFO] Downloading from central: https://repo.maven.apache.org/maven2/org/codehaus/plexus/plexus-utils/4.0.2/plexus-utils-4.0.2.jar
[INFO] Downloading from central: https://repo.maven.apache.org/maven2/org/codehaus/plexus/plexus-xml/3.0.1/plexus-xml-3.0.1.jar
[INFO] Downloading from central: https://repo.maven.apache.org/maven2/org/codehaus/plexus/plexus-interpolation/1.27/plexus-interpolation-1.27.jar
[INFO] Downloaded from central: https://repo.maven.apache.org/maven2/org/slf4j/slf4j-api/1.7.36/slf4j-api-1.7.36.jar (41 kB at 2.2 MB/s)
[INFO] Downloading from central: https://repo.maven.apache.org/maven2/commons-io/commons-io/2.16.1/commons-io-2.16.1.jar
[INFO] Downloaded from central: https://repo.maven.apache.org/maven2/org/sonatype/plexus/plexus-build-api/0.0.7/plexus-build-api-0.0.7.jar (8.5 kB at 223 kB/s)
[INFO] Downloading from central: https://repo.maven.apache.org/maven2/org/apache/commons/commons-lang3/3.20.0/commons-lang3-3.20.0.jar
[INFO] Downloaded from central: https://repo.maven.apache.org/maven2/commons-io/commons-io/2.16.1/commons-io-2.16.1.jar (509 kB at 11 MB/s)
[INFO] Downloading from central: https://repo.maven.apache.org/maven2/javax/inject/javax.inject/1/javax.inject-1.jar
[INFO] Downloaded from central: https://repo.maven.apache.org/maven2/org/codehaus/plexus/plexus-utils/4.0.2/plexus-utils-4.0.2.jar (193 kB at 3.7 MB/s)
[INFO] Downloaded from central: https://repo.maven.apache.org/maven2/org/codehaus/plexus/plexus-xml/3.0.1/plexus-xml-3.0.1.jar (94 kB at 1.6 MB/s)
[INFO] Downloaded from central: https://repo.maven.apache.org/maven2/org/codehaus/plexus/plexus-interpolation/1.27/plexus-interpolation-1.27.jar (86 kB at 1.4 MB/s)
[INFO] Downloaded from central: https://repo.maven.apache.org/maven2/javax/inject/javax.inject/1/javax.inject-1.jar (0 B at 0 B/s)
[INFO] Downloaded from central: https://repo.maven.apache.org/maven2/org/apache/commons/commons-lang3/3.20.0/commons-lang3-3.20.0.jar (714 kB at 8.1 MB/s)
[INFO] Copying 2 resources from src/main/resources to target/classes
[INFO] 
[INFO] --- compiler:3.11.0:compile (default-compile) @ beaverplugin ---
[INFO] Downloading from central: https://repo.maven.apache.org/maven2/org/apache/maven/shared/maven-shared-incremental/1.1/maven-shared-incremental-1.1.pom
[INFO] Downloaded from central: https://repo.maven.apache.org/maven2/org/apache/maven/shared/maven-shared-incremental/1.1/maven-shared-incremental-1.1.pom (4.7 kB at 237 kB/s)
[INFO] Downloading from central: https://repo.maven.apache.org/maven2/org/apache/maven/shared/maven-shared-components/19/maven-shared-components-19.pom
[INFO] Downloaded from central: https://repo.maven.apache.org/maven2/org/apache/maven/shared/maven-shared-components/19/maven-shared-components-19.pom (6.4 kB at 303 kB/s)
[INFO] Downloading from central: https://repo.maven.apache.org/maven2/org/apache/maven/maven-parent/23/maven-parent-23.pom
[INFO] Downloaded from central: https://repo.maven.apache.org/maven2/org/apache/maven/maven-parent/23/maven-parent-23.pom (33 kB at 1.5 MB/s)
[INFO] Downloading from central: https://repo.maven.apache.org/maven2/org/apache/apache/13/apache-13.pom
[INFO] Downloaded from central: https://repo.maven.apache.org/maven2/org/apache/apache/13/apache-13.pom (14 kB at 699 kB/s)
[INFO] Downloading from central: https://repo.maven.apache.org/maven2/org/codehaus/plexus/plexus-component-annotations/1.5.5/plexus-component-annotations-1.5.5.pom
[INFO] Downloaded from central: https://repo.maven.apache.org/maven2/org/codehaus/plexus/plexus-component-annotations/1.5.5/plexus-component-annotations-1.5.5.pom (815 B at 43 kB/s)
[INFO] Downloading from central: https://repo.maven.apache.org/maven2/org/codehaus/plexus/plexus-containers/1.5.5/plexus-containers-1.5.5.pom
[INFO] Downloaded from central: https://repo.maven.apache.org/maven2/org/codehaus/plexus/plexus-containers/1.5.5/plexus-containers-1.5.5.pom (4.2 kB at 212 kB/s)
[INFO] Downloading from central: https://repo.maven.apache.org/maven2/org/codehaus/plexus/plexus/2.0.7/plexus-2.0.7.pom
[INFO] Downloaded from central: https://repo.maven.apache.org/maven2/org/codehaus/plexus/plexus/2.0.7/plexus-2.0.7.pom (17 kB at 961 kB/s)
[INFO] Downloading from central: https://repo.maven.apache.org/maven2/org/codehaus/plexus/plexus-java/1.1.2/plexus-java-1.1.2.pom
[INFO] Downloaded from central: https://repo.maven.apache.org/maven2/org/codehaus/plexus/plexus-java/1.1.2/plexus-java-1.1.2.pom (5.0 kB at 262 kB/s)
[INFO] Downloading from central: https://repo.maven.apache.org/maven2/org/codehaus/plexus/plexus-languages/1.1.2/plexus-languages-1.1.2.pom
[INFO] Downloaded from central: https://repo.maven.apache.org/maven2/org/codehaus/plexus/plexus-languages/1.1.2/plexus-languages-1.1.2.pom (4.1 kB at 218 kB/s)
[INFO] Downloading from central: https://repo.maven.apache.org/maven2/org/ow2/asm/asm/9.4/asm-9.4.pom
[INFO] Downloaded from central: https://repo.maven.apache.org/maven2/org/ow2/asm/asm/9.4/asm-9.4.pom (2.4 kB at 118 kB/s)
[INFO] Downloading from central: https://repo.maven.apache.org/maven2/org/ow2/ow2/1.5.1/ow2-1.5.1.pom
[INFO] Downloaded from central: https://repo.maven.apache.org/maven2/org/ow2/ow2/1.5.1/ow2-1.5.1.pom (11 kB at 538 kB/s)
[INFO] Downloading from central: https://repo.maven.apache.org/maven2/com/thoughtworks/qdox/qdox/2.0.3/qdox-2.0.3.pom
[INFO] Downloaded from central: https://repo.maven.apache.org/maven2/com/thoughtworks/qdox/qdox/2.0.3/qdox-2.0.3.pom (17 kB at 821 kB/s)
[INFO] Downloading from central: https://repo.maven.apache.org/maven2/org/codehaus/plexus/plexus-compiler-api/2.13.0/plexus-compiler-api-2.13.0.pom
[INFO] Downloaded from central: https://repo.maven.apache.org/maven2/org/codehaus/plexus/plexus-compiler-api/2.13.0/plexus-compiler-api-2.13.0.pom (1.1 kB at 59 kB/s)
[INFO] Downloading from central: https://repo.maven.apache.org/maven2/org/codehaus/plexus/plexus-compiler/2.13.0/plexus-compiler-2.13.0.pom
[INFO] Downloaded from central: https://repo.maven.apache.org/maven2/org/codehaus/plexus/plexus-compiler/2.13.0/plexus-compiler-2.13.0.pom (8.4 kB at 399 kB/s)
[INFO] Downloading from central: https://repo.maven.apache.org/maven2/org/codehaus/plexus/plexus-components/10.0/plexus-components-10.0.pom
[INFO] Downloaded from central: https://repo.maven.apache.org/maven2/org/codehaus/plexus/plexus-components/10.0/plexus-components-10.0.pom (2.7 kB at 128 kB/s)
[INFO] Downloading from central: https://repo.maven.apache.org/maven2/org/junit/junit-bom/5.9.1/junit-bom-5.9.1.pom
[INFO] Downloaded from central: https://repo.maven.apache.org/maven2/org/junit/junit-bom/5.9.1/junit-bom-5.9.1.pom (5.6 kB at 282 kB/s)
[INFO] Downloading from central: https://repo.maven.apache.org/maven2/org/codehaus/plexus/plexus-utils/3.5.0/plexus-utils-3.5.0.pom
[INFO] Downloaded from central: https://repo.maven.apache.org/maven2/org/codehaus/plexus/plexus-utils/3.5.0/plexus-utils-3.5.0.pom (8.0 kB at 422 kB/s)
[INFO] Downloading from central: https://repo.maven.apache.org/maven2/org/codehaus/plexus/plexus-compiler-manager/2.13.0/plexus-compiler-manager-2.13.0.pom
[INFO] Downloaded from central: https://repo.maven.apache.org/maven2/org/codehaus/plexus/plexus-compiler-manager/2.13.0/plexus-compiler-manager-2.13.0.pom (1.1 kB at 63 kB/s)
[INFO] Downloading from central: https://repo.maven.apache.org/maven2/org/codehaus/plexus/plexus-component-annotations/2.1.1/plexus-component-annotations-2.1.1.pom
[INFO] Downloaded from central: https://repo.maven.apache.org/maven2/org/codehaus/plexus/plexus-component-annotations/2.1.1/plexus-component-annotations-2.1.1.pom (770 B at 41 kB/s)
[INFO] Downloading from central: https://repo.maven.apache.org/maven2/org/codehaus/plexus/plexus-containers/2.1.1/plexus-containers-2.1.1.pom
[INFO] Downloaded from central: https://repo.maven.apache.org/maven2/org/codehaus/plexus/plexus-containers/2.1.1/plexus-containers-2.1.1.pom (6.0 kB at 335 kB/s)
[INFO] Downloading from central: https://repo.maven.apache.org/maven2/org/codehaus/plexus/plexus/6.5/plexus-6.5.pom
[INFO] Downloaded from central: https://repo.maven.apache.org/maven2/org/codehaus/plexus/plexus/6.5/plexus-6.5.pom (26 kB at 1.4 MB/s)
[INFO] Downloading from central: https://repo.maven.apache.org/maven2/org/codehaus/plexus/plexus-compiler-javac/2.13.0/plexus-compiler-javac-2.13.0.pom
[INFO] Downloaded from central: https://repo.maven.apache.org/maven2/org/codehaus/plexus/plexus-compiler-javac/2.13.0/plexus-compiler-javac-2.13.0.pom (1.2 kB at 60 kB/s)
[INFO] Downloading from central: https://repo.maven.apache.org/maven2/org/codehaus/plexus/plexus-compilers/2.13.0/plexus-compilers-2.13.0.pom
[INFO] Downloaded from central: https://repo.maven.apache.org/maven2/org/codehaus/plexus/plexus-compilers/2.13.0/plexus-compilers-2.13.0.pom (1.3 kB at 66 kB/s)
[INFO] Downloading from central: https://repo.maven.apache.org/maven2/org/apache/maven/shared/maven-shared-incremental/1.1/maven-shared-incremental-1.1.jar
[INFO] Downloaded from central: https://repo.maven.apache.org/maven2/org/apache/maven/shared/maven-shared-incremental/1.1/maven-shared-incremental-1.1.jar (14 kB at 796 kB/s)
[INFO] Downloading from central: https://repo.maven.apache.org/maven2/org/codehaus/plexus/plexus-component-annotations/1.5.5/plexus-component-annotations-1.5.5.jar
[INFO] Downloading from central: https://repo.maven.apache.org/maven2/org/codehaus/plexus/plexus-java/1.1.2/plexus-java-1.1.2.jar
[INFO] Downloading from central: https://repo.maven.apache.org/maven2/org/ow2/asm/asm/9.4/asm-9.4.jar
[INFO] Downloading from central: https://repo.maven.apache.org/maven2/com/thoughtworks/qdox/qdox/2.0.3/qdox-2.0.3.jar
[INFO] Downloading from central: https://repo.maven.apache.org/maven2/org/codehaus/plexus/plexus-compiler-api/2.13.0/plexus-compiler-api-2.13.0.jar
[INFO] Downloaded from central: https://repo.maven.apache.org/maven2/org/codehaus/plexus/plexus-component-annotations/1.5.5/plexus-component-annotations-1.5.5.jar (4.2 kB at 263 kB/s)
[INFO] Downloading from central: https://repo.maven.apache.org/maven2/org/codehaus/plexus/plexus-utils/3.5.0/plexus-utils-3.5.0.jar
[INFO] Downloaded from central: https://repo.maven.apache.org/maven2/org/codehaus/plexus/plexus-java/1.1.2/plexus-java-1.1.2.jar (55 kB at 2.9 MB/s)
[INFO] Downloading from central: https://repo.maven.apache.org/maven2/org/codehaus/plexus/plexus-compiler-manager/2.13.0/plexus-compiler-manager-2.13.0.jar
[INFO] Downloaded from central: https://repo.maven.apache.org/maven2/org/codehaus/plexus/plexus-compiler-api/2.13.0/plexus-compiler-api-2.13.0.jar (27 kB at 1.3 MB/s)
[INFO] Downloading from central: https://repo.maven.apache.org/maven2/org/codehaus/plexus/plexus-compiler-javac/2.13.0/plexus-compiler-javac-2.13.0.jar
[INFO] Downloaded from central: https://repo.maven.apache.org/maven2/org/ow2/asm/asm/9.4/asm-9.4.jar (122 kB at 4.2 MB/s)
[INFO] Downloaded from central: https://repo.maven.apache.org/maven2/org/codehaus/plexus/plexus-utils/3.5.0/plexus-utils-3.5.0.jar (267 kB at 7.6 MB/s)
[INFO] Downloaded from central: https://repo.maven.apache.org/maven2/org/codehaus/plexus/plexus-compiler-manager/2.13.0/plexus-compiler-manager-2.13.0.jar (4.7 kB at 126 kB/s)
[INFO] Downloaded from central: https://repo.maven.apache.org/maven2/org/codehaus/plexus/plexus-compiler-javac/2.13.0/plexus-compiler-javac-2.13.0.jar (23 kB at 570 kB/s)
[INFO] Downloaded from central: https://repo.maven.apache.org/maven2/com/thoughtworks/qdox/qdox/2.0.3/qdox-2.0.3.jar (334 kB at 8.2 MB/s)
[INFO] Changes detected - recompiling the module! :source
[INFO] Compiling 6 source files with javac [debug target 21] to target/classes
[INFO] Annotation processing is enabled because one or more processors were found
  on the class path. A future release of javac may disable annotation processing
  unless at least one processor is specified by name (-processor), or a search
  path is specified (--processor-path, --processor-module-path), or annotation
  processing is enabled explicitly (-proc:only, -proc:full).
  Use -Xlint:-options to suppress this message.
  Use -proc:none to disable annotation processing.
[INFO] /home/runner/work/beaver-plugin/beaver-plugin/src/main/java/ru/example/beaverplugin/BeaverManager.java: /home/runner/work/beaver-plugin/beaver-plugin/src/main/java/ru/example/beaverplugin/BeaverManager.java uses or overrides a deprecated API.
[INFO] /home/runner/work/beaver-plugin/beaver-plugin/src/main/java/ru/example/beaverplugin/BeaverManager.java: Recompile with -Xlint:deprecation for details.
[INFO] 
[INFO] --- resources:3.4.0:testResources (default-testResources) @ beaverplugin ---
[INFO] skip non existing resourceDirectory /home/runner/work/beaver-plugin/beaver-plugin/src/test/resources
[INFO] 
[INFO] --- compiler:3.11.0:testCompile (default-testCompile) @ beaverplugin ---
[INFO] No sources to compile
[INFO] 
[INFO] --- surefire:3.5.4:test (default-test) @ beaverplugin ---
[INFO] Downloading from central: https://repo.maven.apache.org/maven2/org/apache/maven/surefire/surefire-api/3.5.4/surefire-api-3.5.4.pom
[INFO] Downloaded from central: https://repo.maven.apache.org/maven2/org/apache/maven/surefire/surefire-api/3.5.4/surefire-api-3.5.4.pom (3.7 kB at 128 kB/s)
[INFO] Downloading from central: https://repo.maven.apache.org/maven2/org/apache/maven/surefire/surefire-logger-api/3.5.4/surefire-logger-api-3.5.4.pom
[INFO] Downloaded from central: https://repo.maven.apache.org/maven2/org/apache/maven/surefire/surefire-logger-api/3.5.4/surefire-logger-api-3.5.4.pom (3.5 kB at 140 kB/s)
[INFO] Downloading from central: https://repo.maven.apache.org/maven2/org/apache/maven/surefire/surefire-shared-utils/3.5.4/surefire-shared-utils-3.5.4.pom
[INFO] Downloaded from central: https://repo.maven.apache.org/maven2/org/apache/maven/surefire/surefire-shared-utils/3.5.4/surefire-shared-utils-3.5.4.pom (4.0 kB at 136 kB/s)
[INFO] Downloading from central: https://repo.maven.apache.org/maven2/org/apache/maven/surefire/surefire-extensions-api/3.5.4/surefire-extensions-api-3.5.4.pom
[INFO] Downloaded from central: https://repo.maven.apache.org/maven2/org/apache/maven/surefire/surefire-extensions-api/3.5.4/surefire-extensions-api-3.5.4.pom (3.6 kB at 111 kB/s)
[INFO] Downloading from central: https://repo.maven.apache.org/maven2/org/apache/maven/surefire/maven-surefire-common/3.5.4/maven-surefire-common-3.5.4.pom
[INFO] Downloaded from central: https://repo.maven.apache.org/maven2/org/apache/maven/surefire/maven-surefire-common/3.5.4/maven-surefire-common-3.5.4.pom (7.3 kB at 292 kB/s)
[INFO] Downloading from central: https://repo.maven.apache.org/maven2/org/apache/maven/surefire/surefire-booter/3.5.4/surefire-booter-3.5.4.pom
[INFO] Downloaded from central: https://repo.maven.apache.org/maven2/org/apache/maven/surefire/surefire-booter/3.5.4/surefire-booter-3.5.4.pom (5.0 kB at 191 kB/s)
[INFO] Downloading from central: https://repo.maven.apache.org/maven2/org/apache/maven/surefire/surefire-extensions-spi/3.5.4/surefire-extensions-spi-3.5.4.pom
[INFO] Downloaded from central: https://repo.maven.apache.org/maven2/org/apache/maven/surefire/surefire-extensions-spi/3.5.4/surefire-extensions-spi-3.5.4.pom (1.7 kB at 66 kB/s)
[INFO] Downloading from central: https://repo.maven.apache.org/maven2/org/apache/maven/resolver/maven-resolver-util/1.4.1/maven-resolver-util-1.4.1.pom
[INFO] Downloaded from central: https://repo.maven.apache.org/maven2/org/apache/maven/resolver/maven-resolver-util/1.4.1/maven-resolver-util-1.4.1.pom (2.8 kB at 108 kB/s)
[INFO] Downloading from central: https://repo.maven.apache.org/maven2/org/apache/maven/resolver/maven-resolver/1.4.1/maven-resolver-1.4.1.pom
[INFO] Downloaded from central: https://repo.maven.apache.org/maven2/org/apache/maven/resolver/maven-resolver/1.4.1/maven-resolver-1.4.1.pom (18 kB at 627 kB/s)
[INFO] Downloading from central: https://repo.maven.apache.org/maven2/org/apache/maven/maven-parent/33/maven-parent-33.pom
[INFO] Downloaded from central: https://repo.maven.apache.org/maven2/org/apache/maven/maven-parent/33/maven-parent-33.pom (44 kB at 1.6 MB/s)
[INFO] Downloading from central: https://repo.maven.apache.org/maven2/org/apache/maven/resolver/maven-resolver-api/1.4.1/maven-resolver-api-1.4.1.pom
[INFO] Downloaded from central: https://repo.maven.apache.org/maven2/org/apache/maven/resolver/maven-resolver-api/1.4.1/maven-resolver-api-1.4.1.pom (2.6 kB at 85 kB/s)
[INFO] Downloading from central: https://repo.maven.apache.org/maven2/org/apache/maven/shared/maven-common-artifact-filters/3.4.0/maven-common-artifact-filters-3.4.0.pom
[INFO] Downloaded from central: https://repo.maven.apache.org/maven2/org/apache/maven/shared/maven-common-artifact-filters/3.4.0/maven-common-artifact-filters-3.4.0.pom (5.4 kB at 215 kB/s)
[INFO] Downloading from central: https://repo.maven.apache.org/maven2/org/apache/maven/shared/maven-shared-components/42/maven-shared-components-42.pom
[INFO] Downloaded from central: https://repo.maven.apache.org/maven2/org/apache/maven/shared/maven-shared-components/42/maven-shared-components-42.pom (3.8 kB at 157 kB/s)
[INFO] Downloading from central: https://repo.maven.apache.org/maven2/org/apache/maven/maven-parent/42/maven-parent-42.pom
[INFO] Downloaded from central: https://repo.maven.apache.org/maven2/org/apache/maven/maven-parent/42/maven-parent-42.pom (50 kB at 1.9 MB/s)
[INFO] Downloading from central: https://repo.maven.apache.org/maven2/org/apache/apache/32/apache-32.pom
[INFO] Downloaded from central: https://repo.maven.apache.org/maven2/org/apache/apache/32/apache-32.pom (24 kB at 834 kB/s)
[INFO] Downloading from central: https://repo.maven.apache.org/maven2/org/codehaus/plexus/plexus-java/1.5.0/plexus-java-1.5.0.pom
[INFO] Downloaded from central: https://repo.maven.apache.org/maven2/org/codehaus/plexus/plexus-java/1.5.0/plexus-java-1.5.0.pom (4.1 kB at 157 kB/s)
[INFO] Downloading from central: https://repo.maven.apache.org/maven2/org/codehaus/plexus/plexus-languages/1.5.0/plexus-languages-1.5.0.pom
[INFO] Downloaded from central: https://repo.maven.apache.org/maven2/org/codehaus/plexus/plexus-languages/1.5.0/plexus-languages-1.5.0.pom (3.9 kB at 154 kB/s)
[INFO] Downloading from central: https://repo.maven.apache.org/maven2/org/codehaus/plexus/plexus/20/plexus-20.pom
[INFO] Downloaded from central: https://repo.maven.apache.org/maven2/org/codehaus/plexus/plexus/20/plexus-20.pom (29 kB at 1.2 MB/s)
[INFO] Downloading from central: https://repo.maven.apache.org/maven2/org/junit/junit-bom/5.11.4/junit-bom-5.11.4.pom
[INFO] Downloaded from central: https://repo.maven.apache.org/maven2/org/junit/junit-bom/5.11.4/junit-bom-5.11.4.pom (5.6 kB at 177 kB/s)
[INFO] Downloading from central: https://repo.maven.apache.org/maven2/org/ow2/asm/asm/9.8/asm-9.8.pom
[INFO] Downloaded from central: https://repo.maven.apache.org/maven2/org/ow2/asm/asm/9.8/asm-9.8.pom (2.4 kB at 82 kB/s)
[INFO] Downloading from central: https://repo.maven.apache.org/maven2/com/thoughtworks/qdox/qdox/2.2.0/qdox-2.2.0.pom
[INFO] Downloaded from central: https://repo.maven.apache.org/maven2/com/thoughtworks/qdox/qdox/2.2.0/qdox-2.2.0.pom (18 kB at 679 kB/s)
[INFO] Downloading from central: https://repo.maven.apache.org/maven2/org/apache/maven/surefire/surefire-api/3.5.4/surefire-api-3.5.4.jar
[INFO] Downloaded from central: https://repo.maven.apache.org/maven2/org/apache/maven/surefire/surefire-api/3.5.4/surefire-api-3.5.4.jar (174 kB at 6.4 MB/s)
[INFO] Downloading from central: https://repo.maven.apache.org/maven2/org/apache/maven/surefire/surefire-logger-api/3.5.4/surefire-logger-api-3.5.4.jar
[INFO] Downloading from central: https://repo.maven.apache.org/maven2/org/apache/maven/surefire/surefire-shared-utils/3.5.4/surefire-shared-utils-3.5.4.jar
[INFO] Downloading from central: https://repo.maven.apache.org/maven2/org/apache/maven/surefire/surefire-extensions-api/3.5.4/surefire-extensions-api-3.5.4.jar
[INFO] Downloading from central: https://repo.maven.apache.org/maven2/org/apache/maven/surefire/maven-surefire-common/3.5.4/maven-surefire-common-3.5.4.jar
[INFO] Downloading from central: https://repo.maven.apache.org/maven2/org/apache/maven/surefire/surefire-booter/3.5.4/surefire-booter-3.5.4.jar
[INFO] Downloaded from central: https://repo.maven.apache.org/maven2/org/apache/maven/surefire/surefire-logger-api/3.5.4/surefire-logger-api-3.5.4.jar (14 kB at 755 kB/s)
[INFO] Downloading from central: https://repo.maven.apache.org/maven2/org/apache/maven/surefire/surefire-extensions-spi/3.5.4/surefire-extensions-spi-3.5.4.jar
[INFO] Downloaded from central: https://repo.maven.apache.org/maven2/org/apache/maven/surefire/surefire-extensions-api/3.5.4/surefire-extensions-api-3.5.4.jar (26 kB at 1.4 MB/s)
[INFO] Downloading from central: https://repo.maven.apache.org/maven2/org/apache/maven/resolver/maven-resolver-util/1.4.1/maven-resolver-util-1.4.1.jar
[INFO] Downloaded from central: https://repo.maven.apache.org/maven2/org/apache/maven/surefire/maven-surefire-common/3.5.4/maven-surefire-common-3.5.4.jar (314 kB at 9.8 MB/s)
[INFO] Downloading from central: https://repo.maven.apache.org/maven2/org/apache/maven/resolver/maven-resolver-api/1.4.1/maven-resolver-api-1.4.1.jar
[INFO] Downloaded from central: https://repo.maven.apache.org/maven2/org/apache/maven/surefire/surefire-booter/3.5.4/surefire-booter-3.5.4.jar (119 kB at 3.6 MB/s)
[INFO] Downloading from central: https://repo.maven.apache.org/maven2/org/apache/maven/shared/maven-common-artifact-filters/3.4.0/maven-common-artifact-filters-3.4.0.jar
[INFO] Downloaded from central: https://repo.maven.apache.org/maven2/org/apache/maven/surefire/surefire-extensions-spi/3.5.4/surefire-extensions-spi-3.5.4.jar (8.2 kB at 241 kB/s)
[INFO] Downloading from central: https://repo.maven.apache.org/maven2/org/codehaus/plexus/plexus-java/1.5.0/plexus-java-1.5.0.jar
[INFO] Downloaded from central: https://repo.maven.apache.org/maven2/org/apache/maven/resolver/maven-resolver-util/1.4.1/maven-resolver-util-1.4.1.jar (168 kB at 4.4 MB/s)
[INFO] Downloading from central: https://repo.maven.apache.org/maven2/org/ow2/asm/asm/9.8/asm-9.8.jar
[INFO] Downloaded from central: https://repo.maven.apache.org/maven2/org/codehaus/plexus/plexus-java/1.5.0/plexus-java-1.5.0.jar (57 kB at 1.1 MB/s)
[INFO] Downloading from central: https://repo.maven.apache.org/maven2/com/thoughtworks/qdox/qdox/2.2.0/qdox-2.2.0.jar
[INFO] Downloaded from central: https://repo.maven.apache.org/maven2/org/apache/maven/resolver/maven-resolver-api/1.4.1/maven-resolver-api-1.4.1.jar (149 kB at 2.9 MB/s)
[INFO] Downloaded from central: https://repo.maven.apache.org/maven2/org/ow2/asm/asm/9.8/asm-9.8.jar (126 kB at 2.3 MB/s)
[INFO] Downloaded from central: https://repo.maven.apache.org/maven2/org/apache/maven/surefire/surefire-shared-utils/3.5.4/surefire-shared-utils-3.5.4.jar (2.9 MB at 52 MB/s)
[INFO] Downloaded from central: https://repo.maven.apache.org/maven2/org/apache/maven/shared/maven-common-artifact-filters/3.4.0/maven-common-artifact-filters-3.4.0.jar (58 kB at 974 kB/s)
[INFO] Downloaded from central: https://repo.maven.apache.org/maven2/com/thoughtworks/qdox/qdox/2.2.0/qdox-2.2.0.jar (353 kB at 4.4 MB/s)
[INFO] No tests to run.
[INFO] 
[INFO] --- jar:3.5.0:jar (default-jar) @ beaverplugin ---
[INFO] Downloading from central: https://repo.maven.apache.org/maven2/org/apache/maven/shared/file-management/3.2.0/file-management-3.2.0.pom
[INFO] Downloaded from central: https://repo.maven.apache.org/maven2/org/apache/maven/shared/file-management/3.2.0/file-management-3.2.0.pom (4.5 kB at 195 kB/s)
[INFO] Downloading from central: https://repo.maven.apache.org/maven2/org/apache/maven/shared/maven-shared-components/44/maven-shared-components-44.pom
[INFO] Downloaded from central: https://repo.maven.apache.org/maven2/org/apache/maven/shared/maven-shared-components/44/maven-shared-components-44.pom (3.8 kB at 200 kB/s)
[INFO] Downloading from central: https://repo.maven.apache.org/maven2/commons-io/commons-io/2.19.0/commons-io-2.19.0.pom
[INFO] Downloaded from central: https://repo.maven.apache.org/maven2/commons-io/commons-io/2.19.0/commons-io-2.19.0.pom (21 kB at 983 kB/s)
[INFO] Downloading from central: https://repo.maven.apache.org/maven2/org/apache/commons/commons-parent/81/commons-parent-81.pom
[INFO] Downloaded from central: https://repo.maven.apache.org/maven2/org/apache/commons/commons-parent/81/commons-parent-81.pom (78 kB at 3.2 MB/s)
[INFO] Downloading from central: https://repo.maven.apache.org/maven2/org/apache/maven/maven-archiver/3.6.5/maven-archiver-3.6.5.pom
[INFO] Downloaded from central: https://repo.maven.apache.org/maven2/org/apache/maven/maven-archiver/3.6.5/maven-archiver-3.6.5.pom (4.7 kB at 226 kB/s)
[INFO] Downloading from central: https://repo.maven.apache.org/maven2/org/apache/maven/shared/maven-shared-components/45/maven-shared-components-45.pom
[INFO] Downloaded from central: https://repo.maven.apache.org/maven2/org/apache/maven/shared/maven-shared-components/45/maven-shared-components-45.pom (3.8 kB at 190 kB/s)
[INFO] Downloading from central: https://repo.maven.apache.org/maven2/org/codehaus/plexus/plexus-archiver/4.10.2/plexus-archiver-4.10.2.pom
[INFO] Downloaded from central: https://repo.maven.apache.org/maven2/org/codehaus/plexus/plexus-archiver/4.10.2/plexus-archiver-4.10.2.pom (7.0 kB at 331 kB/s)
[INFO] Downloading from central: https://repo.maven.apache.org/maven2/org/codehaus/plexus/plexus/23/plexus-23.pom
[INFO] Downloaded from central: https://repo.maven.apache.org/maven2/org/codehaus/plexus/plexus/23/plexus-23.pom (31 kB at 1.5 MB/s)
[INFO] Downloading from central: https://repo.maven.apache.org/maven2/org/codehaus/plexus/plexus-io/3.5.1/plexus-io-3.5.1.pom
[INFO] Downloaded from central: https://repo.maven.apache.org/maven2/org/codehaus/plexus/plexus-io/3.5.1/plexus-io-3.5.1.pom (4.3 kB at 198 kB/s)
[INFO] Downloading from central: https://repo.maven.apache.org/maven2/commons-io/commons-io/2.20.0/commons-io-2.20.0.pom
[INFO] Downloaded from central: https://repo.maven.apache.org/maven2/commons-io/commons-io/2.20.0/commons-io-2.20.0.pom (20 kB at 975 kB/s)
[INFO] Downloading from central: https://repo.maven.apache.org/maven2/org/apache/commons/commons-parent/85/commons-parent-85.pom
[INFO] Downloaded from central: https://repo.maven.apache.org/maven2/org/apache/commons/commons-parent/85/commons-parent-85.pom (78 kB at 3.3 MB/s)
[INFO] Downloading from central: https://repo.maven.apache.org/maven2/org/apache/commons/commons-compress/1.28.0/commons-compress-1.28.0.pom
[INFO] Downloaded from central: https://repo.maven.apache.org/maven2/org/apache/commons/commons-compress/1.28.0/commons-compress-1.28.0.pom (25 kB at 1.1 MB/s)
[INFO] Downloading from central: https://repo.maven.apache.org/maven2/commons-codec/commons-codec/1.19.0/commons-codec-1.19.0.pom
[INFO] Downloaded from central: https://repo.maven.apache.org/maven2/commons-codec/commons-codec/1.19.0/commons-codec-1.19.0.pom (18 kB at 819 kB/s)
[INFO] Downloading from central: https://repo.maven.apache.org/maven2/org/apache/commons/commons-lang3/3.18.0/commons-lang3-3.18.0.pom
[INFO] Downloaded from central: https://repo.maven.apache.org/maven2/org/apache/commons/commons-lang3/3.18.0/commons-lang3-3.18.0.pom (32 kB at 1.5 MB/s)
[INFO] Downloading from central: https://repo.maven.apache.org/maven2/io/airlift/aircompressor/0.27/aircompressor-0.27.pom
[INFO] Downloaded from central: https://repo.maven.apache.org/maven2/io/airlift/aircompressor/0.27/aircompressor-0.27.pom (5.8 kB at 240 kB/s)
[INFO] Downloading from central: https://repo.maven.apache.org/maven2/io/airlift/airbase/112/airbase-112.pom
[INFO] Downloaded from central: https://repo.maven.apache.org/maven2/io/airlift/airbase/112/airbase-112.pom (69 kB at 3.0 MB/s)
[INFO] Downloading from central: https://repo.maven.apache.org/maven2/org/junit/junit-bom/5.8.0-M1/junit-bom-5.8.0-M1.pom
[INFO] Downloaded from central: https://repo.maven.apache.org/maven2/org/junit/junit-bom/5.8.0-M1/junit-bom-5.8.0-M1.pom (5.7 kB at 271 kB/s)
[INFO] Downloading from central: https://repo.maven.apache.org/maven2/org/tukaani/xz/1.10/xz-1.10.pom
[INFO] Downloaded from central: https://repo.maven.apache.org/maven2/org/tukaani/xz/1.10/xz-1.10.pom (1.9 kB at 102 kB/s)
[INFO] Downloading from central: https://repo.maven.apache.org/maven2/com/github/luben/zstd-jni/1.5.7-4/zstd-jni-1.5.7-4.pom
[INFO] Downloaded from central: https://repo.maven.apache.org/maven2/com/github/luben/zstd-jni/1.5.7-4/zstd-jni-1.5.7-4.pom (2.0 kB at 91 kB/s)
[INFO] Downloading from central: https://repo.maven.apache.org/maven2/org/codehaus/plexus/plexus-interpolation/1.28/plexus-interpolation-1.28.pom
[INFO] Downloaded from central: https://repo.maven.apache.org/maven2/org/codehaus/plexus/plexus-interpolation/1.28/plexus-interpolation-1.28.pom (3.4 kB at 169 kB/s)
[INFO] Downloading from central: https://repo.maven.apache.org/maven2/org/codehaus/plexus/plexus-archiver/4.10.4/plexus-archiver-4.10.4.pom
[INFO] Downloaded from central: https://repo.maven.apache.org/maven2/org/codehaus/plexus/plexus-archiver/4.10.4/plexus-archiver-4.10.4.pom (5.6 kB at 256 kB/s)
[INFO] Downloading from central: https://repo.maven.apache.org/maven2/org/codehaus/plexus/plexus/24/plexus-24.pom
[INFO] Downloaded from central: https://repo.maven.apache.org/maven2/org/codehaus/plexus/plexus/24/plexus-24.pom (31 kB at 1.5 MB/s)
[INFO] Downloading from central: https://repo.maven.apache.org/maven2/org/codehaus/plexus/plexus-io/3.6.0/plexus-io-3.6.0.pom
[INFO] Downloaded from central: https://repo.maven.apache.org/maven2/org/codehaus/plexus/plexus-io/3.6.0/plexus-io-3.6.0.pom (3.5 kB at 184 kB/s)
[INFO] Downloading from central: https://repo.maven.apache.org/maven2/com/github/luben/zstd-jni/1.5.7-6/zstd-jni-1.5.7-6.pom
[INFO] Downloaded from central: https://repo.maven.apache.org/maven2/com/github/luben/zstd-jni/1.5.7-6/zstd-jni-1.5.7-6.pom (2.0 kB at 111 kB/s)
[INFO] Downloading from central: https://repo.maven.apache.org/maven2/commons-io/commons-io/2.21.0/commons-io-2.21.0.pom
[INFO] Downloaded from central: https://repo.maven.apache.org/maven2/commons-io/commons-io/2.21.0/commons-io-2.21.0.pom (21 kB at 1.0 MB/s)
[INFO] Downloading from central: https://repo.maven.apache.org/maven2/org/apache/commons/commons-parent/91/commons-parent-91.pom
[INFO] Downloaded from central: https://repo.maven.apache.org/maven2/org/apache/commons/commons-parent/91/commons-parent-91.pom (79 kB at 2.9 MB/s)
[INFO] Downloading from central: https://repo.maven.apache.org/maven2/org/apache/maven/shared/file-management/3.2.0/file-management-3.2.0.jar
[INFO] Downloaded from central: https://repo.maven.apache.org/maven2/org/apache/maven/shared/file-management/3.2.0/file-management-3.2.0.jar (26 kB at 1.4 MB/s)
[INFO] Downloading from central: https://repo.maven.apache.org/maven2/org/apache/maven/maven-archiver/3.6.5/maven-archiver-3.6.5.jar
[INFO] Downloading from central: https://repo.maven.apache.org/maven2/org/codehaus/plexus/plexus-interpolation/1.28/plexus-interpolation-1.28.jar
[INFO] Downloading from central: https://repo.maven.apache.org/maven2/org/codehaus/plexus/plexus-archiver/4.10.4/plexus-archiver-4.10.4.jar
[INFO] Downloading from central: https://repo.maven.apache.org/maven2/org/codehaus/plexus/plexus-io/3.6.0/plexus-io-3.6.0.jar
[INFO] Downloading from central: https://repo.maven.apache.org/maven2/org/apache/commons/commons-compress/1.28.0/commons-compress-1.28.0.jar
[INFO] Downloaded from central: https://repo.maven.apache.org/maven2/org/codehaus/plexus/plexus-io/3.6.0/plexus-io-3.6.0.jar (80 kB at 4.2 MB/s)
[INFO] Downloading from central: https://repo.maven.apache.org/maven2/commons-codec/commons-codec/1.19.0/commons-codec-1.19.0.jar
[INFO] Downloaded from central: https://repo.maven.apache.org/maven2/org/codehaus/plexus/plexus-archiver/4.10.4/plexus-archiver-4.10.4.jar (227 kB at 11 MB/s)
[INFO] Downloading from central: https://repo.maven.apache.org/maven2/org/apache/commons/commons-lang3/3.18.0/commons-lang3-3.18.0.jar
[INFO] Downloaded from central: https://repo.maven.apache.org/maven2/org/apache/maven/maven-archiver/3.6.5/maven-archiver-3.6.5.jar (28 kB at 1.1 MB/s)
[INFO] Downloading from central: https://repo.maven.apache.org/maven2/io/airlift/aircompressor/0.27/aircompressor-0.27.jar
[INFO] Downloaded from central: https://repo.maven.apache.org/maven2/org/codehaus/plexus/plexus-interpolation/1.28/plexus-interpolation-1.28.jar (87 kB at 3.1 MB/s)
[INFO] Downloading from central: https://repo.maven.apache.org/maven2/org/tukaani/xz/1.10/xz-1.10.jar
[INFO] Downloaded from central: https://repo.maven.apache.org/maven2/org/apache/commons/commons-compress/1.28.0/commons-compress-1.28.0.jar (1.1 MB at 34 MB/s)
[INFO] Downloading from central: https://repo.maven.apache.org/maven2/com/github/luben/zstd-jni/1.5.7-6/zstd-jni-1.5.7-6.jar
[INFO] Downloaded from central: https://repo.maven.apache.org/maven2/commons-codec/commons-codec/1.19.0/commons-codec-1.19.0.jar (375 kB at 9.4 MB/s)
[INFO] Downloading from central: https://repo.maven.apache.org/maven2/commons-io/commons-io/2.21.0/commons-io-2.21.0.jar
[INFO] Downloaded from central: https://repo.maven.apache.org/maven2/org/apache/commons/commons-lang3/3.18.0/commons-lang3-3.18.0.jar (703 kB at 16 MB/s)
[INFO] Downloaded from central: https://repo.maven.apache.org/maven2/org/tukaani/xz/1.10/xz-1.10.jar (169 kB at 2.9 MB/s)
[INFO] Downloaded from central: https://repo.maven.apache.org/maven2/commons-io/commons-io/2.21.0/commons-io-2.21.0.jar (585 kB at 9.6 MB/s)
[INFO] Downloaded from central: https://repo.maven.apache.org/maven2/io/airlift/aircompressor/0.27/aircompressor-0.27.jar (255 kB at 3.9 MB/s)
[INFO] Downloaded from central: https://repo.maven.apache.org/maven2/com/github/luben/zstd-jni/1.5.7-6/zstd-jni-1.5.7-6.jar (7.4 MB at 91 MB/s)
[INFO] Building jar: /home/runner/work/beaver-plugin/beaver-plugin/target/BeaverPlugin.jar
[INFO] ------------------------------------------------------------------------
[INFO] BUILD SUCCESS
[INFO] ------------------------------------------------------------------------
[INFO] Total time:  12.894 s
[INFO] Finished at: 2026-09-03T09:37:51Z
[INFO] ------------------------------------------------------------------------
